# Today: 2015.1221
#
# Dr. Peter Koehler
# Alfred Wegener Institute Helmholtz Centre for Polar and Marine Research
# PO Box 12 01 61, D-27515 Bremerhaven, Germany
# Phone: +49 471 4831 1687
# Email: Peter.Koehler@awi.de
#
# Reference: Köhler, P., de Boer, B., von der Heydt, A. S., Stap, L. B., and van de Wal, R. S. W.: On the state dependency of the equilibrium climate sensitivity during the last 5 million years, Clim. Past, 11, 1801-1823, doi:10.5194/cp-11-1801-2015, 2015.
#
# Figure 2c: Calculated changes in global annual mean surface temperature (Delta T_g), 3 versions with uncertainties
#
# column 1: Time (kyr BP)
#
# column 2: Calculated changes in global annual mean surface temperature (Delta T_g1) in K (black line in Fig 2c)
# column 3: Calculated uncertainty of 1 sigma of (Delta T_g1 in K) (grey band) 
#
# column 4: Calculated changes in global annual mean surface temperature (Delta T_g2) in K (orange line in Fig 2c)
# column 5: Calculated uncertainty of 1 sigma of (Delta T_g2 in K) (yellow band) 
#
# column 6: Calculated changes in global annual mean surface temperature (Delta T_g3) in K (blue line in Fig 2c)
# column 7: Calculated uncertainty of 1 sigma of (Delta T_g3 in K) (cyan band) 
#
-5000.000 	 3.01159 	 0.32501	 2.80313 	 0.302513	 5.83659 	 0.629884
-4998.000 	 2.82363 	 0.312975	 2.65375 	 0.294145	 5.316 	 0.589231
-4996.000 	 2.53743 	 0.282201	 2.42062 	 0.26921	 4.57802 	 0.509145
-4994.000 	 2.80807 	 0.308567	 2.64125 	 0.290236	 5.27422 	 0.579562
-4992.000 	 3.40777 	 0.364671	 3.10875 	 0.332672	 7.04086 	 0.753453
-4990.000 	 3.25601 	 0.34784	 2.99312 	 0.319757	 6.56121 	 0.700936
-4988.000 	 2.31037 	 0.270054	 2.23062 	 0.260733	 4.03491 	 0.471632
-4986.000 	 1.18495 	 0.170748	 1.21687 	 0.175348	 1.78604 	 0.257363
-4984.000 	 0.282417 	 0.111911	 0.305625 	 0.121107	 0.383553 	 0.151987
-4982.000 	 -0.457125 	 0.100197	 -0.5175 	 0.11343	 -0.574262 	 0.125872
-4980.000 	 -0.585984 	 0.0991304	 -0.66875 	 0.113132	 -0.726644 	 0.122926
-4978.000 	 0.098821 	 0.0780286	 0.108125 	 0.085375	 0.131562 	 0.10388
-4976.000 	 1.13681 	 0.136842	 1.17063 	 0.140912	 1.7035 	 0.205056
-4974.000 	 1.52944 	 0.171485	 1.54062 	 0.172739	 2.40614 	 0.269783
-4972.000 	 1.53622 	 0.170592	 1.54688 	 0.171774	 2.41889 	 0.268609
-4970.000 	 1.57839 	 0.174472	 1.58562 	 0.175272	 2.49868 	 0.276199
-4968.000 	 1.69364 	 0.185409	 1.69063 	 0.185079	 2.72121 	 0.2979
-4966.000 	 1.80338 	 0.195538	 1.78937 	 0.19402	 2.93938 	 0.318713
-4964.000 	 1.96623 	 0.209877	 1.93375 	 0.20641	 3.27499 	 0.349574
-4962.000 	 2.21272 	 0.233337	 2.1475 	 0.226459	 3.8119 	 0.401973
-4960.000 	 2.41128 	 0.252865	 2.31562 	 0.242834	 4.27191 	 0.447986
-4958.000 	 2.53138 	 0.2642	 2.41562 	 0.252118	 4.56309 	 0.476249
-4956.000 	 2.44116 	 0.255462	 2.34062 	 0.244941	 4.34342 	 0.45453
-4954.000 	 1.79919 	 0.194065	 1.78563 	 0.192602	 2.93093 	 0.316137
-4952.000 	 0.818912 	 0.106218	 0.85875 	 0.111385	 1.18168 	 0.153272
-4950.000 	 0.26364 	 0.0695168	 0.285625 	 0.0753138	 0.357317 	 0.0942176
-4948.000 	 0.250756 	 0.0711454	 0.271875 	 0.0771375	 0.339376 	 0.0962891
-4946.000 	 0.393585 	 0.0803538	 0.423125 	 0.0863847	 0.541128 	 0.110476
-4944.000 	 0.31184 	 0.0747911	 0.336875 	 0.0807955	 0.424884 	 0.101903
-4942.000 	 0.146654 	 0.0691708	 0.16 	 0.0754656	 0.196251 	 0.0925637
-4940.000 	 0.111473 	 0.0689343	 0.121875 	 0.0753669	 0.148607 	 0.091898
-4938.000 	 0.23497 	 0.0708169	 0.255 	 0.0768538	 0.317464 	 0.0956795
-4936.000 	 0.489363 	 0.0831593	 0.523125 	 0.0888966	 0.680039 	 0.115562
-4934.000 	 0.882329 	 0.111881	 0.921875 	 0.116895	 1.28267 	 0.162645
-4932.000 	 1.42965 	 0.159469	 1.44813 	 0.16153	 2.221 	 0.24774
-4930.000 	 2.07426 	 0.21996	 2.02812 	 0.215068	 3.50584 	 0.371769
-4928.000 	 2.74529 	 0.285619	 2.59062 	 0.269527	 5.10768 	 0.531401
-4926.000 	 3.17412 	 0.336611	 2.93 	 0.310722	 6.31212 	 0.669391
-4924.000 	 2.70828 	 0.319351	 2.56062 	 0.30194	 5.01096 	 0.590876
-4922.000 	 1.74765 	 0.226725	 1.73937 	 0.225651	 2.8278 	 0.366854
-4920.000 	 1.31109 	 0.190956	 1.33687 	 0.194711	 2.00697 	 0.292308
-4918.000 	 1.65644 	 0.225974	 1.65687 	 0.226034	 2.64865 	 0.361334
-4916.000 	 2.25005 	 0.273148	 2.17937 	 0.264569	 3.89642 	 0.473012
-4914.000 	 2.44266 	 0.289026	 2.34187 	 0.277101	 4.34702 	 0.514358
-4912.000 	 2.40233 	 0.284747	 2.30812 	 0.273581	 4.25062 	 0.503825
-4910.000 	 2.03763 	 0.249245	 1.99625 	 0.244183	 3.42681 	 0.419171
-4908.000 	 1.3144 	 0.19098	 1.34 	 0.194699	 2.01286 	 0.292464
-4906.000 	 0.506839 	 0.123006	 0.54125 	 0.131357	 0.705709 	 0.17127
-4904.000 	 -0.0300396 	 0.0845043	 -0.033125 	 0.0931839	 -0.0394457 	 0.110965
-4902.000 	 -0.442081 	 0.0879075	 -0.5 	 0.0994246	 -0.556212 	 0.110602
-4900.000 	 -0.879937 	 0.113206	 -1.02312 	 0.131627	 -1.05997 	 0.136367
-4898.000 	 -1.29454 	 0.153181	 -1.54625 	 0.182965	 -1.49896 	 0.177369
-4896.000 	 -1.60257 	 0.179218	 -1.95375 	 0.218492	 -1.80368 	 0.20171
-4894.000 	 -1.63397 	 0.178818	 -1.99625 	 0.218464	 -1.8338 	 0.200686
-4892.000 	 -1.46382 	 0.163903	 -1.76812 	 0.197977	 -1.66856 	 0.186828
-4890.000 	 -1.20871 	 0.141827	 -1.43562 	 0.168452	 -1.41089 	 0.165551
-4888.000 	 -0.918008 	 0.119098	 -1.07 	 0.138817	 -1.10175 	 0.142936
-4886.000 	 -0.456589 	 0.0904867	 -0.516875 	 0.102434	 -0.573619 	 0.11368
-4884.000 	 0.352021 	 0.0876964	 0.379375 	 0.094511	 0.48176 	 0.120017
-4882.000 	 1.48278 	 0.173961	 1.4975 	 0.175687	 2.31899 	 0.272065
-4880.000 	 2.12911 	 0.252421	 2.07563 	 0.246081	 3.62568 	 0.429852
-4878.000 	 2.27648 	 0.242541	 2.20187 	 0.234592	 3.95682 	 0.421567
-4876.000 	 2.37777 	 0.254928	 2.2875 	 0.24525	 4.19246 	 0.449487
-4874.000 	 2.37034 	 0.274606	 2.28125 	 0.264285	 4.17494 	 0.483671
-4872.000 	 2.24345 	 0.26358	 2.17375 	 0.255391	 3.88141 	 0.456022
-4870.000 	 1.96196 	 0.232721	 1.93 	 0.22893	 3.26601 	 0.387402
-4868.000 	 1.54301 	 0.197679	 1.55312 	 0.198975	 2.43168 	 0.311529
-4866.000 	 1.05673 	 0.152508	 1.09312 	 0.15776	 1.56831 	 0.226339
-4864.000 	 0.68052 	 0.117495	 0.719375 	 0.124204	 0.966405 	 0.166855
-4862.000 	 0.360317 	 0.0923238	 0.388125 	 0.099449	 0.493566 	 0.126466
-4860.000 	 0.1588 	 0.0795674	 0.173125 	 0.0867452	 0.212784 	 0.106616
-4858.000 	 0.0461219 	 0.0758713	 0.050625 	 0.083279	 0.0610568 	 0.100439
-4856.000 	 -0.107745 	 0.0724476	 -0.119375 	 0.0802676	 -0.140327 	 0.0943555
-4854.000 	 -0.644398 	 0.0966435	 -0.738125 	 0.1107	 -0.794434 	 0.119145
-4852.000 	 -1.33446 	 0.15511	 -1.59812 	 0.185757	 -1.53943 	 0.178935
-4850.000 	 -1.60858 	 0.177841	 -1.96187 	 0.2169	 -1.80946 	 0.20005
-4848.000 	 -1.45344 	 0.162188	 -1.75437 	 0.195769	 -1.65831 	 0.185049
-4846.000 	 -1.05304 	 0.128489	 -1.23812 	 0.151072	 -1.24749 	 0.152214
-4844.000 	 -0.489803 	 0.0904433	 -0.555625 	 0.102598	 -0.613281 	 0.113244
-4842.000 	 0.292997 	 0.0852339	 0.316875 	 0.0921801	 0.398385 	 0.115892
-4840.000 	 0.969095 	 0.130346	 1.0075 	 0.135512	 1.4233 	 0.191438
-4838.000 	 1.29721 	 0.164063	 1.32375 	 0.16742	 1.98232 	 0.250712
-4836.000 	 1.53758 	 0.189523	 1.54812 	 0.190822	 2.42145 	 0.298468
-4834.000 	 1.90315 	 0.219442	 1.87812 	 0.216557	 3.14325 	 0.362432
-4832.000 	 2.31332 	 0.24787	 2.23312 	 0.239278	 4.04175 	 0.43307
-4830.000 	 2.63163 	 0.28017	 2.49812 	 0.265956	 4.81403 	 0.512513
-4828.000 	 2.71675 	 0.311519	 2.5675 	 0.294405	 5.033 	 0.577115
-4826.000 	 2.59429 	 0.305324	 2.4675 	 0.290401	 4.71971 	 0.555464
-4824.000 	 1.98474 	 0.243589	 1.95 	 0.239325	 3.31407 	 0.406738
-4822.000 	 1.01952 	 0.160686	 1.05688 	 0.166573	 1.50637 	 0.237417
-4820.000 	 0.26833 	 0.100868	 0.290625 	 0.109249	 0.363861 	 0.136779
-4818.000 	 -0.203574 	 0.0802958	 -0.226875 	 0.0894863	 -0.26249 	 0.103534
-4816.000 	 -0.528733 	 0.0899944	 -0.60125 	 0.102337	 -0.659431 	 0.11224
-4814.000 	 -0.650688 	 0.0982629	 -0.745625 	 0.1126	 -0.801686 	 0.121066
-4812.000 	 -0.583342 	 0.105962	 -0.665625 	 0.120909	 -0.72356 	 0.131433
-4810.000 	 -0.289526 	 0.106113	 -0.324375 	 0.118886	 -0.370005 	 0.13561
-4808.000 	 0.270676 	 0.116312	 0.293125 	 0.125958	 0.367136 	 0.157761
-4806.000 	 0.913895 	 0.14906	 0.953125 	 0.155459	 1.3335 	 0.217499
-4804.000 	 1.1459 	 0.161113	 1.17937 	 0.165819	 1.71901 	 0.241692
-4802.000 	 1.1109 	 0.152132	 1.14562 	 0.156888	 1.65947 	 0.227256
-4800.000 	 1.13681 	 0.151703	 1.17063 	 0.156214	 1.7035 	 0.227325
-4798.000 	 1.24911 	 0.159546	 1.27812 	 0.163251	 1.89756 	 0.24237
-4796.000 	 1.37084 	 0.169827	 1.39312 	 0.172588	 2.11405 	 0.261899
-4794.000 	 1.47267 	 0.172265	 1.48812 	 0.174073	 2.30024 	 0.26907
-4792.000 	 1.54845 	 0.171715	 1.55812 	 0.172788	 2.44193 	 0.270798
-4790.000 	 1.5247 	 0.169534	 1.53625 	 0.170818	 2.39723 	 0.266552
-4788.000 	 1.29127 	 0.148415	 1.31812 	 0.151502	 1.97179 	 0.226632
-4786.000 	 1.01312 	 0.123782	 1.05062 	 0.128364	 1.49577 	 0.182751
-4784.000 	 0.890525 	 0.113841	 0.93 	 0.118888	 1.29583 	 0.165654
-4782.000 	 0.848365 	 0.110083	 0.888125 	 0.115242	 1.2284 	 0.159396
-4780.000 	 0.555236 	 0.0889957	 0.59125 	 0.0947682	 0.777324 	 0.124593
-4778.000 	 -0.0492527 	 0.066137	 -0.054375 	 0.0730152	 -0.0645435 	 0.0866696
-4776.000 	 -0.647019 	 0.0928232	 -0.74125 	 0.106342	 -0.797458 	 0.114406
-4774.000 	 -0.863637 	 0.111649	 -1.00312 	 0.129682	 -1.04198 	 0.134705
-4772.000 	 -0.868225 	 0.116355	 -1.00875 	 0.135188	 -1.04705 	 0.140321
-4770.000 	 -0.582286 	 0.100038	 -0.664375 	 0.114141	 -0.722326 	 0.124097
-4768.000 	 0.0752941 	 0.0878811	 0.0825 	 0.0962916	 0.0999871 	 0.116702
-4766.000 	 0.938597 	 0.133632	 0.9775 	 0.139171	 1.37354 	 0.195556
-4764.000 	 1.44106 	 0.172478	 1.45875 	 0.174595	 2.24193 	 0.268333
-4762.000 	 1.70124 	 0.195107	 1.6975 	 0.194678	 2.73611 	 0.313792
-4760.000 	 1.93286 	 0.212055	 1.90437 	 0.20893	 3.20503 	 0.351625
-4758.000 	 2.20688 	 0.234573	 2.1425 	 0.22773	 3.79875 	 0.403775
-4756.000 	 2.28973 	 0.243583	 2.21312 	 0.235434	 3.98725 	 0.424168
-4754.000 	 1.80059 	 0.197152	 1.78687 	 0.195651	 2.93374 	 0.321225
-4752.000 	 0.96146 	 0.120544	 1 	 0.125376	 1.41081 	 0.176882
-4750.000 	 0.553416 	 0.0888765	 0.589375 	 0.0946514	 0.774617 	 0.124401
-4748.000 	 0.762791 	 0.104406	 0.8025 	 0.109841	 1.09355 	 0.149679
-4746.000 	 1.1967 	 0.139747	 1.22812 	 0.143416	 1.80634 	 0.210937
-4744.000 	 1.4693 	 0.16419	 1.485 	 0.165944	 2.294 	 0.256348
-4742.000 	 1.67571 	 0.183232	 1.67437 	 0.183086	 2.68615 	 0.29372
-4740.000 	 1.49493 	 0.166397	 1.50875 	 0.167935	 2.34158 	 0.260636
-4738.000 	 0.827675 	 0.108829	 0.8675 	 0.114065	 1.19555 	 0.157199
-4736.000 	 0.066131 	 0.0695815	 0.0725 	 0.0762828	 0.0877327 	 0.0923103
-4734.000 	 -0.284591 	 0.074303	 -0.31875 	 0.0832213	 -0.363885 	 0.0950053
-4732.000 	 -0.427009 	 0.0826796	 -0.4825 	 0.0934241	 -0.538072 	 0.104184
-4730.000 	 -0.467318 	 0.095764	 -0.529375 	 0.108481	 -0.58646 	 0.120179
-4728.000 	 -0.435087 	 0.09635	 -0.491875 	 0.108926	 -0.547801 	 0.121311
-4726.000 	 -0.241152 	 0.0997553	 -0.269375 	 0.11143	 -0.309731 	 0.128124
-4724.000 	 0.248415 	 0.112292	 0.269375 	 0.121767	 0.336122 	 0.151939
-4722.000 	 0.963368 	 0.143959	 1.00187 	 0.149713	 1.41393 	 0.211288
-4720.000 	 1.29391 	 0.157274	 1.32062 	 0.160521	 1.97647 	 0.240239
-4718.000 	 1.06509 	 0.130589	 1.10125 	 0.135022	 1.5823 	 0.194003
-4716.000 	 0.744785 	 0.106595	 0.784375 	 0.112261	 1.06552 	 0.152499
-4714.000 	 0.927821 	 0.118909	 0.966875 	 0.123914	 1.35604 	 0.17379
-4712.000 	 1.44106 	 0.162748	 1.45875 	 0.164746	 2.24193 	 0.253196
-4710.000 	 1.69571 	 0.184721	 1.6925 	 0.184371	 2.72527 	 0.296876
-4708.000 	 1.5308 	 0.170093	 1.54187 	 0.171324	 2.40869 	 0.26764
-4706.000 	 1.16866 	 0.138259	 1.20125 	 0.142114	 1.758 	 0.207981
-4704.000 	 0.639984 	 0.0963028	 0.678125 	 0.102042	 0.904636 	 0.136127
-4702.000 	 -0.0141833 	 0.0700796	 -0.015625 	 0.0772033	 -0.0186557 	 0.0921783
-4700.000 	 -0.341969 	 0.0774629	 -0.384375 	 0.0870687	 -0.434675 	 0.0984625
-4698.000 	 -0.247766 	 0.0736449	 -0.276875 	 0.0822973	 -0.318007 	 0.0945233
-4696.000 	 -0.0407819 	 0.0728984	 -0.045 	 0.0804385	 -0.0534908 	 0.0956159
-4694.000 	 -0.184165 	 0.0790966	 -0.205 	 0.0880448	 -0.237944 	 0.102194
-4692.000 	 -0.510092 	 0.0963279	 -0.579375 	 0.109412	 -0.637377 	 0.120365
-4690.000 	 -0.537772 	 0.0974745	 -0.611875 	 0.110906	 -0.670094 	 0.121459
-4688.000 	 -0.178056 	 0.0905155	 -0.198125 	 0.100718	 -0.230197 	 0.117022
-4686.000 	 0.398944 	 0.105801	 0.42875 	 0.113706	 0.548822 	 0.145549
-4684.000 	 1.11478 	 0.151197	 1.14937 	 0.155889	 1.66605 	 0.225965
-4682.000 	 1.97121 	 0.22419	 1.93812 	 0.220428	 3.28548 	 0.373665
-4680.000 	 2.34882 	 0.249671	 2.26313 	 0.240561	 4.12443 	 0.438411
-4678.000 	 2.12766 	 0.232961	 2.07437 	 0.227127	 3.6225 	 0.396633
-4676.000 	 1.80059 	 0.216194	 1.78687 	 0.214548	 2.93374 	 0.352251
-4674.000 	 1.88762 	 0.220629	 1.86437 	 0.217912	 3.11116 	 0.363639
-4672.000 	 2.19667 	 0.247583	 2.13375 	 0.240491	 3.77581 	 0.425565
-4670.000 	 2.17991 	 0.247557	 2.11937 	 0.240682	 3.73832 	 0.424533
-4668.000 	 1.74974 	 0.207806	 1.74125 	 0.206799	 2.83195 	 0.336335
-4666.000 	 1.29391 	 0.163229	 1.32062 	 0.1666	 1.97647 	 0.249336
-4664.000 	 1.38351 	 0.166323	 1.405 	 0.168906	 2.13695 	 0.2569
-4662.000 	 1.82297 	 0.205374	 1.80688 	 0.203561	 2.97898 	 0.335609
-4660.000 	 1.6702 	 0.191862	 1.66937 	 0.191767	 2.67541 	 0.307334
-4658.000 	 0.728674 	 0.112697	 0.768125 	 0.118798	 1.04053 	 0.160929
-4656.000 	 -0.214645 	 0.0767588	 -0.239375 	 0.0856025	 -0.276445 	 0.0988592
-4654.000 	 -0.42108 	 0.0823974	 -0.475625 	 0.0930709	 -0.530921 	 0.103891
-4652.000 	 -0.196371 	 0.0733702	 -0.21875 	 0.0817317	 -0.253391 	 0.0946748
-4650.000 	 0.188371 	 0.0731077	 0.205 	 0.0795614	 0.253218 	 0.098275
-4648.000 	 0.7659 	 0.10566	 0.805625 	 0.11114	 1.0984 	 0.151531
-4646.000 	 1.42094 	 0.160641	 1.44 	 0.162796	 2.20506 	 0.249288
-4644.000 	 1.62486 	 0.177868	 1.62812 	 0.178225	 2.58762 	 0.283257
-4642.000 	 1.49696 	 0.166312	 1.51062 	 0.167831	 2.34536 	 0.26057
-4640.000 	 1.41224 	 0.158715	 1.43187 	 0.160921	 2.18917 	 0.24603
-4638.000 	 1.41023 	 0.158392	 1.43 	 0.160612	 2.18551 	 0.245468
-4636.000 	 1.37218 	 0.154942	 1.39437 	 0.157449	 2.11645 	 0.238984
-4634.000 	 1.1537 	 0.135509	 1.18687 	 0.139406	 1.73234 	 0.203474
-4632.000 	 0.802662 	 0.1057	 0.8425 	 0.110946	 1.15605 	 0.152237
-4630.000 	 0.616732 	 0.0916097	 0.654375 	 0.0972012	 0.869461 	 0.12915
-4628.000 	 0.613677 	 0.092052	 0.65125 	 0.0976879	 0.864854 	 0.129729
-4626.000 	 0.668831 	 0.0959756	 0.7075 	 0.101524	 0.948534 	 0.136112
-4624.000 	 0.60635 	 0.0911029	 0.64375 	 0.0967222	 0.853816 	 0.128284
-4622.000 	 0.490567 	 0.0841816	 0.524375 	 0.0899831	 0.681805 	 0.116998
-4620.000 	 0.405498 	 0.0797311	 0.435625 	 0.0856549	 0.558245 	 0.109765
-4618.000 	 0.352613 	 0.0764698	 0.38 	 0.0824091	 0.482602 	 0.10466
-4616.000 	 0.27185 	 0.0730638	 0.294375 	 0.0791178	 0.368775 	 0.099114
-4614.000 	 0.0290097 	 0.0668989	 0.031875 	 0.0735066	 0.0383333 	 0.0884
-4612.000 	 -0.306498 	 0.0735616	 -0.34375 	 0.0825024	 -0.39101 	 0.0938451
-4610.000 	 -0.425931 	 0.0891103	 -0.48125 	 0.100684	 -0.536773 	 0.1123
-4608.000 	 -0.301574 	 0.0831458	 -0.338125 	 0.0932231	 -0.384924 	 0.106126
-4606.000 	 -0.031171 	 0.0768572	 -0.034375 	 0.0847572	 -0.0409265 	 0.100911
-4604.000 	 0.32659 	 0.0900917	 0.3525 	 0.0972392	 0.445704 	 0.12295
-4602.000 	 0.773364 	 0.116024	 0.813125 	 0.121989	 1.11007 	 0.166538
-4600.000 	 1.04517 	 0.134043	 1.08187 	 0.138751	 1.549 	 0.198659
-4598.000 	 1.02913 	 0.130492	 1.06625 	 0.135199	 1.52231 	 0.193026
-4596.000 	 0.906941 	 0.118957	 0.94625 	 0.124113	 1.32227 	 0.173432
-4594.000 	 0.876659 	 0.115791	 0.91625 	 0.121021	 1.27358 	 0.168218
-4592.000 	 0.869105 	 0.115199	 0.90875 	 0.120454	 1.26149 	 0.167209
-4590.000 	 0.703329 	 0.10274	 0.7425 	 0.108462	 1.00141 	 0.146283
-4588.000 	 0.321277 	 0.0786426	 0.346875 	 0.0849086	 0.438197 	 0.107262
-4586.000 	 -0.08923 	 0.0700346	 -0.09875 	 0.0775067	 -0.11644 	 0.0913908
-4584.000 	 -0.248316 	 0.0749791	 -0.2775 	 0.0837911	 -0.318696 	 0.0962302
-4582.000 	 -0.261526 	 0.0779994	 -0.2925 	 0.0872373	 -0.335191 	 0.0999697
-4580.000 	 -0.325071 	 0.0813642	 -0.365 	 0.0913582	 -0.413914 	 0.103601
-4578.000 	 -0.476426 	 0.0902476	 -0.54 	 0.10229	 -0.59734 	 0.113152
-4576.000 	 -0.520217 	 0.0963609	 -0.59125 	 0.109518	 -0.649366 	 0.120283
-4574.000 	 -0.0976511 	 0.0852298	 -0.108125 	 0.0943715	 -0.127316 	 0.111121
-4572.000 	 0.665758 	 0.116336	 0.704375 	 0.123085	 0.943844 	 0.16493
-4570.000 	 1.27807 	 0.163056	 1.30562 	 0.166571	 1.94847 	 0.248585
-4568.000 	 1.53758 	 0.183893	 1.54812 	 0.185154	 2.42145 	 0.289602
-4566.000 	 1.59272 	 0.182016	 1.59875 	 0.182705	 2.52598 	 0.28867
-4564.000 	 1.40221 	 0.161788	 1.4225 	 0.16413	 2.17089 	 0.25048
-4562.000 	 0.974188 	 0.120877	 1.0125 	 0.125631	 1.43164 	 0.177639
-4560.000 	 0.896204 	 0.115235	 0.935625 	 0.120304	 1.30497 	 0.167795
-4558.000 	 1.31308 	 0.151265	 1.33875 	 0.154222	 2.01051 	 0.231607
-4556.000 	 1.89467 	 0.203314	 1.87062 	 0.200734	 3.12572 	 0.335416
-4554.000 	 2.1407 	 0.227927	 2.08562 	 0.222064	 3.65124 	 0.38876
-4552.000 	 2.21053 	 0.233957	 2.14562 	 0.227087	 3.80696 	 0.402919
-4550.000 	 2.37925 	 0.249873	 2.28875 	 0.240368	 4.19596 	 0.440667
-4548.000 	 2.68983 	 0.281755	 2.54563 	 0.26665	 4.96314 	 0.519882
-4546.000 	 2.9388 	 0.315118	 2.74562 	 0.294404	 5.63141 	 0.603836
-4544.000 	 2.80418 	 0.322906	 2.63813 	 0.303784	 5.26381 	 0.606137
-4542.000 	 2.45089 	 0.288547	 2.34875 	 0.276521	 4.36685 	 0.514114
-4540.000 	 1.81947 	 0.225761	 1.80375 	 0.223811	 2.97188 	 0.368754
-4538.000 	 0.924021 	 0.150209	 0.963125 	 0.156566	 1.34988 	 0.219438
-4536.000 	 0.123567 	 0.0898113	 0.135 	 0.0981206	 0.164946 	 0.119886
-4534.000 	 -0.0300396 	 0.0760085	 -0.033125 	 0.0838155	 -0.0394457 	 0.0998087
-4532.000 	 0.219797 	 0.0785146	 0.23875 	 0.085285	 0.296473 	 0.105904
-4530.000 	 0.441937 	 0.0832461	 0.47375 	 0.0892386	 0.610884 	 0.11507
-4528.000 	 0.565556 	 0.0892209	 0.601875 	 0.0949505	 0.792697 	 0.125054
-4526.000 	 0.81516 	 0.107651	 0.855 	 0.112913	 1.17576 	 0.155272
-4524.000 	 1.50777 	 0.16744	 1.52062 	 0.168867	 2.36554 	 0.262696
-4522.000 	 2.57758 	 0.269149	 2.45375 	 0.256219	 4.67781 	 0.488453
-4520.000 	 2.86344 	 0.301995	 2.68562 	 0.283242	 5.42374 	 0.57202
-4518.000 	 2.1002 	 0.24901	 2.05063 	 0.243133	 3.5623 	 0.422364
-4516.000 	 1.1459 	 0.165219	 1.17937 	 0.170046	 1.71901 	 0.247852
-4514.000 	 1.00673 	 0.14775	 1.04438 	 0.153275	 1.4852 	 0.217971
-4512.000 	 1.32036 	 0.1671	 1.34562 	 0.170297	 2.02348 	 0.256084
-4510.000 	 1.29259 	 0.161271	 1.31937 	 0.164613	 1.97413 	 0.246304
-4508.000 	 0.769009 	 0.115718	 0.80875 	 0.121698	 1.10326 	 0.166015
-4506.000 	 0.178502 	 0.0783963	 0.194375 	 0.0853673	 0.239695 	 0.105271
-4504.000 	 -0.115587 	 0.0744834	 -0.128125 	 0.0825627	 -0.150416 	 0.096927
-4502.000 	 -0.278557 	 0.0748742	 -0.311875 	 0.0838299	 -0.356391 	 0.0957954
-4500.000 	 -0.334887 	 0.0794432	 -0.37625 	 0.0892554	 -0.425982 	 0.101053
-4498.000 	 -0.290074 	 0.0843566	 -0.325 	 0.0945136	 -0.370684 	 0.107799
-4496.000 	 -0.175277 	 0.0852465	 -0.195 	 0.0948389	 -0.226671 	 0.110242
-4494.000 	 -0.131249 	 0.091915	 -0.145625 	 0.101983	 -0.170517 	 0.119415
-4492.000 	 -0.111107 	 0.0954002	 -0.123125 	 0.105719	 -0.144654 	 0.124205
-4490.000 	 0.175602 	 0.0994069	 0.19125 	 0.108265	 0.235726 	 0.133443
-4488.000 	 0.827049 	 0.131753	 0.866875 	 0.138098	 1.19456 	 0.190299
-4486.000 	 1.5634 	 0.186983	 1.57187 	 0.187996	 2.47023 	 0.295439
-4484.000 	 1.75043 	 0.196454	 1.74187 	 0.195494	 2.83333 	 0.31799
-4482.000 	 1.57294 	 0.174505	 1.58062 	 0.175358	 2.48831 	 0.276058
-4480.000 	 1.6016 	 0.17741	 1.60688 	 0.177995	 2.54296 	 0.281686
-4478.000 	 1.97833 	 0.212617	 1.94437 	 0.208968	 3.30051 	 0.354716
-4476.000 	 2.37108 	 0.24979	 2.28187 	 0.240393	 4.17669 	 0.440009
-4474.000 	 2.46214 	 0.258665	 2.35812 	 0.247738	 4.39398 	 0.461619
-4472.000 	 2.38446 	 0.251282	 2.29312 	 0.241657	 4.20826 	 0.443481
-4470.000 	 2.37777 	 0.250231	 2.2875 	 0.240731	 4.19246 	 0.441204
-4468.000 	 2.45914 	 0.258077	 2.35562 	 0.247214	 4.38674 	 0.460371
-4466.000 	 2.55559 	 0.267401	 2.43562 	 0.254848	 4.62301 	 0.483723
-4464.000 	 2.58669 	 0.270317	 2.46125 	 0.257208	 4.70063 	 0.491229
-4462.000 	 2.56392 	 0.268792	 2.4425 	 0.256062	 4.64374 	 0.486832
-4460.000 	 2.35624 	 0.24888	 2.26937 	 0.239705	 4.1418 	 0.437482
-4458.000 	 1.91941 	 0.207172	 1.8925 	 0.204268	 3.17699 	 0.34291
-4456.000 	 1.41291 	 0.159628	 1.4325 	 0.161841	 2.19039 	 0.247466
-4454.000 	 1.0176 	 0.123643	 1.055 	 0.128187	 1.50319 	 0.182644
-4452.000 	 0.687295 	 0.0969058	 0.72625 	 0.102398	 0.976785 	 0.137723
-4450.000 	 0.702094 	 0.0957589	 0.74125 	 0.101099	 0.999515 	 0.136324
-4448.000 	 1.1446 	 0.133295	 1.17812 	 0.137199	 1.71679 	 0.19993
-4446.000 	 1.78105 	 0.192239	 1.76937 	 0.190979	 2.89447 	 0.312417
-4444.000 	 2.06922 	 0.219478	 2.02375 	 0.214655	 3.49493 	 0.3707
-4442.000 	 2.14432 	 0.226982	 2.08875 	 0.2211	 3.65924 	 0.38734
-4440.000 	 2.09948 	 0.22269	 2.05 	 0.217443	 3.56072 	 0.377684
-4438.000 	 1.96339 	 0.209718	 1.93125 	 0.206285	 3.269 	 0.349175
-4436.000 	 1.78802 	 0.193132	 1.77563 	 0.191793	 2.90846 	 0.314156
-4434.000 	 1.84119 	 0.198143	 1.82312 	 0.196199	 3.01601 	 0.324574
-4432.000 	 2.0362 	 0.216648	 1.995 	 0.212265	 3.42373 	 0.36428
-4430.000 	 2.06203 	 0.219113	 2.0175 	 0.214381	 3.47938 	 0.369721
-4428.000 	 1.82227 	 0.196358	 1.80625 	 0.194632	 2.97756 	 0.320846
-4426.000 	 1.51115 	 0.167083	 1.52375 	 0.168476	 2.37186 	 0.262249
-4424.000 	 1.32169 	 0.149523	 1.34687 	 0.152372	 2.02584 	 0.229184
-4422.000 	 1.18169 	 0.13718	 1.21375 	 0.140901	 1.78042 	 0.206684
-4420.000 	 0.822667 	 0.10747	 0.8625 	 0.112673	 1.18762 	 0.155146
-4418.000 	 0.237891 	 0.0714682	 0.258125 	 0.0775471	 0.321513 	 0.0965903
-4416.000 	 -0.274165 	 0.0726563	 -0.306875 	 0.0813246	 -0.350931 	 0.0929999
-4414.000 	 -0.226805 	 0.0738504	 -0.253125 	 0.0824207	 -0.291737 	 0.0949934
-4412.000 	 0.204651 	 0.0797038	 0.2225 	 0.0866552	 0.275589 	 0.107331
-4410.000 	 0.434158 	 0.0896025	 0.465625 	 0.0960967	 0.599611 	 0.123749
-4408.000 	 0.292409 	 0.0838556	 0.31625 	 0.0906926	 0.39756 	 0.11401
-4406.000 	 0.134525 	 0.0843707	 0.146875 	 0.092116	 0.179785 	 0.112756
-4404.000 	 0.309482 	 0.0951273	 0.334375 	 0.102779	 0.421562 	 0.129578
-4402.000 	 0.707033 	 0.117744	 0.74625 	 0.124275	 1.00712 	 0.167718
-4400.000 	 1.05737 	 0.142863	 1.09375 	 0.147778	 1.56938 	 0.212041
-4398.000 	 1.29457 	 0.160889	 1.32125 	 0.164205	 1.97764 	 0.245781
-4396.000 	 1.54437 	 0.178769	 1.55438 	 0.179927	 2.43424 	 0.281776
-4394.000 	 1.95912 	 0.213228	 1.9275 	 0.209787	 3.26003 	 0.354817
-4392.000 	 2.49519 	 0.262865	 2.38563 	 0.251322	 4.47429 	 0.47136
-4390.000 	 2.95774 	 0.310174	 2.76062 	 0.289503	 5.68434 	 0.59611
-4388.000 	 3.28046 	 0.360756	 3.01187 	 0.331219	 6.63688 	 0.729865
-4386.000 	 3.31316 	 0.360262	 3.03687 	 0.33022	 6.73903 	 0.732779
-4384.000 	 2.62629 	 0.295415	 2.49375 	 0.280507	 4.80047 	 0.539975
-4382.000 	 1.54505 	 0.196881	 1.555 	 0.198149	 2.43552 	 0.310352
-4380.000 	 1.06123 	 0.148551	 1.0975 	 0.153627	 1.57584 	 0.220584
-4378.000 	 1.32169 	 0.161385	 1.34687 	 0.164461	 2.02584 	 0.247366
-4376.000 	 1.79221 	 0.2007	 1.77937 	 0.199263	 2.91688 	 0.326645
-4374.000 	 1.76503 	 0.198936	 1.755 	 0.197805	 2.86242 	 0.322622
-4372.000 	 1.45248 	 0.171797	 1.46937 	 0.173795	 2.26294 	 0.267657
-4370.000 	 1.04517 	 0.137904	 1.08187 	 0.142747	 1.549 	 0.204382
-4368.000 	 0.594152 	 0.0991823	 0.63125 	 0.105375	 0.835482 	 0.139468
-4366.000 	 0.191857 	 0.0743218	 0.20875 	 0.0808658	 0.258001 	 0.0999449
-4364.000 	 0.147232 	 0.0745121	 0.160625 	 0.0812902	 0.197037 	 0.0997177
-4362.000 	 0.349652 	 0.0802136	 0.376875 	 0.0864589	 0.478393 	 0.109748
-4360.000 	 0.715683 	 0.101717	 0.755 	 0.107305	 1.02045 	 0.145033
-4358.000 	 1.26161 	 0.146397	 1.29 	 0.149691	 1.91948 	 0.222736
-4356.000 	 1.91163 	 0.205495	 1.88562 	 0.2027	 3.16083 	 0.339782
-4354.000 	 2.31775 	 0.244251	 2.23687 	 0.235728	 4.05202 	 0.427013
-4352.000 	 2.53667 	 0.26557	 2.42 	 0.253355	 4.57615 	 0.479088
-4350.000 	 2.59658 	 0.272642	 2.46937 	 0.259286	 4.72544 	 0.496173
-4348.000 	 2.50272 	 0.266157	 2.39187 	 0.254369	 4.49268 	 0.477784
-4346.000 	 2.40382 	 0.273491	 2.30937 	 0.262746	 4.25417 	 0.484011
-4344.000 	 2.79952 	 0.319237	 2.63437 	 0.300405	 5.25135 	 0.598827
-4342.000 	 3.50413 	 0.379592	 3.18125 	 0.344615	 7.35821 	 0.797093
-4340.000 	 3.58458 	 0.381521	 3.24125 	 0.344979	 7.63122 	 0.812221
-4338.000 	 3.06893 	 0.329843	 2.84813 	 0.306111	 6.00156 	 0.645037
-4336.000 	 2.33401 	 0.261665	 2.25062 	 0.252316	 4.08984 	 0.458509
-4334.000 	 1.66676 	 0.206318	 1.66625 	 0.206256	 2.66871 	 0.330344
-4332.000 	 1.04196 	 0.152299	 1.07875 	 0.157677	 1.54365 	 0.225629
-4330.000 	 0.944942 	 0.136465	 0.98375 	 0.14207	 1.38386 	 0.199853
-4328.000 	 1.5498 	 0.179565	 1.55937 	 0.180674	 2.4445 	 0.283227
-4326.000 	 2.43667 	 0.261823	 2.33687 	 0.251099	 4.33264 	 0.465546
-4324.000 	 2.71444 	 0.291214	 2.56563 	 0.275249	 5.02698 	 0.539312
-4322.000 	 2.60723 	 0.288265	 2.47812 	 0.273991	 4.75227 	 0.525428
-4320.000 	 2.52685 	 0.28008	 2.41187 	 0.267336	 4.55192 	 0.504542
-4318.000 	 2.48692 	 0.277958	 2.37875 	 0.265869	 4.45411 	 0.497828
-4316.000 	 2.4277 	 0.272349	 2.32937 	 0.261318	 4.31114 	 0.483641
-4314.000 	 2.37405 	 0.266525	 2.28437 	 0.256458	 4.18369 	 0.469686
-4312.000 	 2.32218 	 0.261912	 2.24062 	 0.252713	 4.06231 	 0.458175
-4310.000 	 2.25298 	 0.256351	 2.18187 	 0.24826	 3.9031 	 0.444107
-4308.000 	 2.15375 	 0.247356	 2.09687 	 0.240824	 3.68012 	 0.422658
-4306.000 	 1.94066 	 0.228474	 1.91125 	 0.225012	 3.22132 	 0.379247
-4304.000 	 1.41692 	 0.179985	 1.43625 	 0.18244	 2.19772 	 0.279166
-4302.000 	 0.720011 	 0.114854	 0.759375 	 0.121133	 1.02714 	 0.163845
-4300.000 	 0.31184 	 0.0854447	 0.336875 	 0.0923044	 0.424884 	 0.116419
-4298.000 	 0.270676 	 0.0794895	 0.293125 	 0.0860819	 0.367136 	 0.107817
-4296.000 	 0.393585 	 0.0823891	 0.423125 	 0.0885728	 0.541128 	 0.113274
-4294.000 	 0.443733 	 0.0843374	 0.475625 	 0.0903989	 0.61349 	 0.116602
-4292.000 	 0.497795 	 0.0874911	 0.531875 	 0.0934809	 0.692412 	 0.121696
-4290.000 	 0.668831 	 0.0972547	 0.7075 	 0.102878	 0.948534 	 0.137926
-4288.000 	 0.93289 	 0.118574	 0.971875 	 0.123529	 1.36427 	 0.173404
-4286.000 	 1.26753 	 0.146305	 1.29562 	 0.149548	 1.9299 	 0.22276
-4284.000 	 1.53758 	 0.170582	 1.54812 	 0.171751	 2.42145 	 0.268639
-4282.000 	 1.76086 	 0.191803	 1.75125 	 0.190756	 2.85409 	 0.310884
-4280.000 	 1.60296 	 0.177137	 1.60812 	 0.177707	 2.54557 	 0.281301
-4278.000 	 1.01184 	 0.124546	 1.04937 	 0.129166	 1.49366 	 0.183852
-4276.000 	 0.442536 	 0.0840222	 0.474375 	 0.0900674	 0.611753 	 0.116151
-4274.000 	 0.692842 	 0.100481	 0.731875 	 0.106142	 0.985295 	 0.142895
-4272.000 	 1.5308 	 0.170501	 1.54187 	 0.171735	 2.40869 	 0.268281
-4270.000 	 1.99972 	 0.214526	 1.96313 	 0.210601	 3.34583 	 0.358935
-4268.000 	 1.74279 	 0.189865	 1.735 	 0.189017	 2.81815 	 0.307018
-4266.000 	 1.325 	 0.151426	 1.35 	 0.154283	 2.03175 	 0.232196
-4264.000 	 1.23205 	 0.143168	 1.26188 	 0.146634	 1.86773 	 0.217036
-4262.000 	 1.28599 	 0.148248	 1.31312 	 0.151377	 1.96245 	 0.226231
-4260.000 	 1.06574 	 0.128919	 1.10187 	 0.13329	 1.58338 	 0.191536
-4258.000 	 0.501411 	 0.0865138	 0.535625 	 0.0924171	 0.697726 	 0.120386
-4256.000 	 -0.00908009 	 0.0681068	 -0.01 	 0.0750067	 -0.0119499 	 0.0896319
-4254.000 	 0.0707113 	 0.068511	 0.0775 	 0.0750885	 0.0938552 	 0.0909348
-4252.000 	 0.553416 	 0.0879611	 0.589375 	 0.0936765	 0.774617 	 0.123119
-4250.000 	 0.777721 	 0.104148	 0.8175 	 0.109475	 1.11689 	 0.149567
-4248.000 	 0.563734 	 0.0886458	 0.6 	 0.0943486	 0.78998 	 0.124222
-4246.000 	 0.274784 	 0.0726498	 0.2975 	 0.0786557	 0.372875 	 0.098584
-4244.000 	 0.258367 	 0.0717144	 0.28 	 0.077719	 0.349968 	 0.0971399
-4242.000 	 0.395371 	 0.0781798	 0.425 	 0.0840387	 0.543691 	 0.107508
-4240.000 	 0.484548 	 0.0833362	 0.518125 	 0.0891111	 0.672985 	 0.115745
-4238.000 	 0.499 	 0.0844671	 0.533125 	 0.0902435	 0.694183 	 0.117506
-4236.000 	 0.566771 	 0.0888486	 0.603125 	 0.0945476	 0.794509 	 0.12455
-4234.000 	 0.904413 	 0.11423	 0.94375 	 0.119199	 1.31819 	 0.166492
-4232.000 	 1.4471 	 0.161888	 1.46437 	 0.16382	 2.25304 	 0.252049
-4230.000 	 1.65231 	 0.179925	 1.65312 	 0.180013	 2.64065 	 0.287547
-4228.000 	 1.43569 	 0.160021	 1.45375 	 0.162034	 2.23207 	 0.248786
-4226.000 	 1.06767 	 0.127408	 1.10375 	 0.131714	 1.58662 	 0.189336
-4224.000 	 0.891787 	 0.112469	 0.93125 	 0.117446	 1.29786 	 0.163681
-4222.000 	 0.839582 	 0.109003	 0.879375 	 0.114169	 1.21443 	 0.15767
-4220.000 	 1.05223 	 0.127261	 1.08875 	 0.131678	 1.56079 	 0.188768
-4218.000 	 1.62829 	 0.179476	 1.63125 	 0.179802	 2.59422 	 0.285944
-4216.000 	 2.23612 	 0.237045	 2.1675 	 0.229771	 3.86479 	 0.409696
-4214.000 	 2.01544 	 0.216131	 1.97687 	 0.211996	 3.3793 	 0.362389
-4212.000 	 1.26556 	 0.147056	 1.29375 	 0.150332	 1.92643 	 0.223848
-4210.000 	 0.722485 	 0.102427	 0.761875 	 0.108011	 1.03096 	 0.146159
-4208.000 	 0.518308 	 0.08827	 0.553125 	 0.0941994	 0.72261 	 0.123063
-4206.000 	 0.359724 	 0.0775957	 0.3875 	 0.0835872	 0.492722 	 0.106285
-4204.000 	 0.1132 	 0.0681236	 0.12375 	 0.0744729	 0.150937 	 0.0908341
-4202.000 	 -0.146323 	 0.067177	 -0.1625 	 0.0746038	 -0.189801 	 0.0871377
-4200.000 	 -0.186941 	 0.0680205	 -0.208125 	 0.0757286	 -0.24146 	 0.087858
-4198.000 	 0.0170522 	 0.0662412	 0.01875 	 0.0728366	 0.022504 	 0.0874194
-4196.000 	 0.363875 	 0.0772915	 0.391875 	 0.083239	 0.498637 	 0.105916
-4194.000 	 0.716301 	 0.0996798	 0.755625 	 0.105152	 1.02141 	 0.142138
-4192.000 	 1.10896 	 0.131461	 1.14375 	 0.135585	 1.65619 	 0.196331
-4190.000 	 1.53622 	 0.169527	 1.54688 	 0.170702	 2.41889 	 0.266932
-4188.000 	 1.96339 	 0.210054	 1.93125 	 0.206616	 3.269 	 0.349736
-4186.000 	 2.31701 	 0.243875	 2.23625 	 0.235375	 4.0503 	 0.426311
-4184.000 	 2.42695 	 0.254282	 2.32875 	 0.243993	 4.30935 	 0.451508
-4182.000 	 2.35105 	 0.246954	 2.265 	 0.237916	 4.12963 	 0.433777
-4180.000 	 2.06347 	 0.21925	 2.01875 	 0.214499	 3.48248 	 0.370025
-4178.000 	 1.55388 	 0.171289	 1.56312 	 0.172307	 2.4522 	 0.270313
-4176.000 	 0.984384 	 0.119808	 1.0225 	 0.124448	 1.44838 	 0.176281
-4174.000 	 0.602079 	 0.0901475	 0.639375 	 0.0957317	 0.84739 	 0.126877
-4172.000 	 0.344324 	 0.0747721	 0.37125 	 0.0806192	 0.470826 	 0.102243
-4170.000 	 0.28653 	 0.07501	 0.31 	 0.0811542	 0.389315 	 0.101918
-4168.000 	 0.453918 	 0.0841758	 0.48625 	 0.0901715	 0.628286 	 0.116511
-4166.000 	 0.659 	 0.0969841	 0.6975 	 0.10265	 0.933541 	 0.137388
-4164.000 	 0.452719 	 0.0838613	 0.485 	 0.0898409	 0.626543 	 0.11606
-4162.000 	 -0.0136164 	 0.0663939	 -0.015 	 0.0731404	 -0.0179112 	 0.0873355
-4160.000 	 -0.354484 	 0.0747768	 -0.39875 	 0.0841146	 -0.450003 	 0.0949263
-4158.000 	 -0.532457 	 0.0917594	 -0.605625 	 0.104369	 -0.663825 	 0.114398
-4156.000 	 -0.588096 	 0.0957534	 -0.67125 	 0.109292	 -0.729109 	 0.118713
-4154.000 	 -0.492475 	 0.0959562	 -0.55875 	 0.10887	 -0.61646 	 0.120114
-4152.000 	 -0.262626 	 0.089169	 -0.29375 	 0.0997365	 -0.336562 	 0.114272
-4150.000 	 0.10227 	 0.088011	 0.111875 	 0.0962772	 0.136203 	 0.117214
-4148.000 	 0.584407 	 0.110994	 0.62125 	 0.117992	 0.820869 	 0.155905
-4146.000 	 1.14071 	 0.152613	 1.17437 	 0.157117	 1.71014 	 0.228796
-4144.000 	 1.4902 	 0.182619	 1.50438 	 0.184356	 2.33278 	 0.285874
-4142.000 	 1.68191 	 0.194621	 1.68 	 0.1944	 2.69826 	 0.312227
-4140.000 	 1.68812 	 0.190635	 1.68562 	 0.190354	 2.7104 	 0.306079
-4138.000 	 1.46863 	 0.171589	 1.48438 	 0.173429	 2.29276 	 0.267877
-4136.000 	 1.24583 	 0.146591	 1.275 	 0.150024	 1.89181 	 0.222601
-4134.000 	 1.58248 	 0.173934	 1.58937 	 0.174692	 2.50647 	 0.275492
-4132.000 	 2.3852 	 0.250054	 2.29375 	 0.240466	 4.21002 	 0.441359
-4130.000 	 2.56999 	 0.268603	 2.4475 	 0.255801	 4.65886 	 0.486922
-4128.000 	 1.8693 	 0.200915	 1.84812 	 0.198639	 3.07348 	 0.330341
-4126.000 	 1.04388 	 0.125537	 1.08062 	 0.129956	 1.54686 	 0.186025
-4124.000 	 0.934792 	 0.116186	 0.97375 	 0.121029	 1.36736 	 0.16995
-4122.000 	 1.2478 	 0.143041	 1.27687 	 0.146374	 1.89526 	 0.217262
-4120.000 	 1.51183 	 0.167014	 1.52438 	 0.168399	 2.37313 	 0.262162
-4118.000 	 1.65575 	 0.180246	 1.65625 	 0.1803	 2.64732 	 0.288188
-4116.000 	 1.7943 	 0.193369	 1.78125 	 0.191963	 2.92109 	 0.314801
-4114.000 	 1.97192 	 0.210307	 1.93875 	 0.206769	 3.28698 	 0.350559
-4112.000 	 2.17628 	 0.229734	 2.11625 	 0.223397	 3.7302 	 0.39377
-4110.000 	 2.28457 	 0.240149	 2.20875 	 0.232179	 3.9754 	 0.417885
-4108.000 	 2.26619 	 0.23858	 2.19312 	 0.230887	 3.93326 	 0.414085
-4106.000 	 2.20031 	 0.232145	 2.13687 	 0.225451	 3.78399 	 0.399231
-4104.000 	 2.21564 	 0.233617	 2.15 	 0.226696	 3.81848 	 0.40262
-4102.000 	 2.24931 	 0.236956	 2.17875 	 0.229522	 3.89475 	 0.410296
-4100.000 	 1.89044 	 0.202685	 1.86688 	 0.200158	 3.11698 	 0.334189
-4098.000 	 1.08958 	 0.129297	 1.125 	 0.1335	 1.62345 	 0.192649
-4096.000 	 0.268917 	 0.0705368	 0.29125 	 0.0763947	 0.364679 	 0.0956552
-4094.000 	 0.00568014 	 0.0664601	 0.00625 	 0.0731277	 0.00748709 	 0.0876021
-4092.000 	 0.0552629 	 0.0694413	 0.060625 	 0.0761791	 0.0732293 	 0.0920172
-4090.000 	 0.153014 	 0.0690541	 0.166875 	 0.0753096	 0.204903 	 0.0924712
-4088.000 	 0.274784 	 0.0737199	 0.2975 	 0.0798143	 0.372875 	 0.100036
-4086.000 	 0.454518 	 0.0827421	 0.486875 	 0.0886325	 0.629158 	 0.114534
-4084.000 	 0.572848 	 0.0899338	 0.609375 	 0.0956684	 0.80358 	 0.126158
-4082.000 	 0.65593 	 0.0954717	 0.694375 	 0.101067	 0.928866 	 0.135198
-4080.000 	 0.687911 	 0.0979989	 0.726875 	 0.10355	 0.977729 	 0.139286
-4078.000 	 0.671291 	 0.0965782	 0.71 	 0.102147	 0.952291 	 0.137005
-4076.000 	 0.589278 	 0.0910401	 0.62625 	 0.096752	 0.828169 	 0.127947
-4074.000 	 0.41325 	 0.079657	 0.44375 	 0.085536	 0.569408 	 0.109758
-4072.000 	 0.170384 	 0.0695278	 0.185625 	 0.0757472	 0.228592 	 0.0932807
-4070.000 	 0.120686 	 0.0685633	 0.131875 	 0.0749198	 0.161049 	 0.0914941
-4068.000 	 0.336043 	 0.0761798	 0.3625 	 0.0821774	 0.459084 	 0.104073
-4066.000 	 0.57528 	 0.0900966	 0.611875 	 0.0958278	 0.807214 	 0.126421
-4064.000 	 0.437747 	 0.0815291	 0.469375 	 0.0874196	 0.60481 	 0.112644
-4062.000 	 0.0655586 	 0.0678713	 0.071875 	 0.0744104	 0.0869681 	 0.0900359
-4060.000 	 -0.116147 	 0.0683703	 -0.12875 	 0.0757891	 -0.151136 	 0.0889667
-4058.000 	 -0.0136164 	 0.067812	 -0.015 	 0.0747026	 -0.0179112 	 0.0892009
-4056.000 	 0.165748 	 0.0702331	 0.180625 	 0.0765369	 0.222262 	 0.0941797
-4054.000 	 0.222129 	 0.0722665	 0.24125 	 0.0784872	 0.299695 	 0.0975015
-4052.000 	 0.206979 	 0.0720309	 0.225 	 0.0783023	 0.278795 	 0.0970236
-4050.000 	 0.0512625 	 0.0688259	 0.05625 	 0.0755223	 0.0678993 	 0.0911628
-4048.000 	 -0.279106 	 0.0725675	 -0.3125 	 0.08125	 -0.357073 	 0.0928389
-4046.000 	 -0.617086 	 0.0939043	 -0.705625 	 0.107378	 -0.762837 	 0.116084
-4044.000 	 -0.770793 	 0.10547	 -0.89 	 0.121782	 -0.938452 	 0.128411
-4042.000 	 -0.846791 	 0.112501	 -0.9825 	 0.130531	 -1.02334 	 0.135956
-4040.000 	 -0.812991 	 0.107047	 -0.94125 	 0.123935	 -0.98574 	 0.129793
-4038.000 	 -0.701865 	 0.0996052	 -0.806875 	 0.114508	 -0.86036 	 0.122098
-4036.000 	 -0.519152 	 0.0903685	 -0.59 	 0.102701	 -0.648106 	 0.112815
-4034.000 	 -0.339791 	 0.084185	 -0.381875 	 0.0946116	 -0.432002 	 0.107031
-4032.000 	 -0.137394 	 0.0800208	 -0.1525 	 0.088819	 -0.178385 	 0.103895
-4030.000 	 0.147232 	 0.0832352	 0.160625 	 0.0908069	 0.197037 	 0.111392
-4028.000 	 0.520725 	 0.100625	 0.555625 	 0.107369	 0.726177 	 0.140327
-4026.000 	 0.859043 	 0.123703	 0.89875 	 0.129421	 1.24542 	 0.179341
-4024.000 	 0.83582 	 0.120288	 0.875625 	 0.126016	 1.20846 	 0.173917
-4022.000 	 0.587451 	 0.10819	 0.624375 	 0.11499	 0.82543 	 0.152018
-4020.000 	 0.610013 	 0.110266	 0.6475 	 0.117042	 0.859332 	 0.155333
-4018.000 	 0.862186 	 0.125444	 0.901875 	 0.131218	 1.25043 	 0.181932
-4016.000 	 1.28533 	 0.150687	 1.3125 	 0.153872	 1.96129 	 0.229933
-4014.000 	 1.44442 	 0.162909	 1.46187 	 0.164878	 2.2481 	 0.253553
-4012.000 	 1.3469 	 0.155033	 1.37062 	 0.157765	 2.07094 	 0.238374
-4010.000 	 0.945576 	 0.118513	 0.984375 	 0.123376	 1.3849 	 0.173575
-4008.000 	 0.227963 	 0.0730174	 0.2475 	 0.0792751	 0.307762 	 0.0985772
-4006.000 	 -0.534052 	 0.0850616	 -0.6075 	 0.0967602	 -0.665707 	 0.106031
-4004.000 	 -0.898742 	 0.115965	 -1.04625 	 0.134999	 -1.08064 	 0.139436
-4002.000 	 -1.04508 	 0.129409	 -1.22812 	 0.152075	 -1.23899 	 0.153421
-4000.000 	 -1.20042 	 0.138577	 -1.425 	 0.164502	 -1.40231 	 0.161883
-3998.000 	 -1.31477 	 0.149955	 -1.5725 	 0.179351	 -1.5195 	 0.173306
-3996.000 	 -1.42458 	 0.159552	 -1.71625 	 0.192219	 -1.62972 	 0.182527
-3994.000 	 -1.34069 	 0.153553	 -1.60625 	 0.183968	 -1.54573 	 0.177036
-3992.000 	 -1.08235 	 0.133098	 -1.275 	 0.156789	 -1.27862 	 0.157234
-3990.000 	 -0.665343 	 0.103712	 -0.763125 	 0.118954	 -0.81855 	 0.127594
-3988.000 	 -0.0441712 	 0.0833629	 -0.04875 	 0.0920042	 -0.0579156 	 0.109302
-3986.000 	 0.626515 	 0.105491	 0.664375 	 0.111866	 0.884237 	 0.148886
-3984.000 	 0.861557 	 0.127365	 0.90125 	 0.133233	 1.24943 	 0.184705
-3982.000 	 0.777099 	 0.12939	 0.816875 	 0.136013	 1.11591 	 0.185803
-3980.000 	 0.798292 	 0.130774	 0.838125 	 0.137299	 1.14917 	 0.188254
-3978.000 	 0.965277 	 0.14365	 1.00375 	 0.149375	 1.41705 	 0.210882
-3976.000 	 1.13357 	 0.158265	 1.1675 	 0.163002	 1.69798 	 0.237065
-3974.000 	 1.17778 	 0.159173	 1.21 	 0.163527	 1.77368 	 0.239706
-3972.000 	 1.14006 	 0.158759	 1.17375 	 0.16345	 1.70904 	 0.237991
-3970.000 	 1.23926 	 0.167463	 1.26875 	 0.171447	 1.88033 	 0.254091
-3968.000 	 1.48683 	 0.189	 1.50125 	 0.190833	 2.32651 	 0.295737
-3966.000 	 1.70746 	 0.199122	 1.70312 	 0.198617	 2.74834 	 0.320509
-3964.000 	 1.86789 	 0.20331	 1.84688 	 0.201022	 3.07059 	 0.334217
-3962.000 	 2.08866 	 0.222306	 2.04062 	 0.217194	 3.53714 	 0.376475
-3960.000 	 2.2025 	 0.233294	 2.13875 	 0.226541	 3.78891 	 0.401329
-3958.000 	 2.19375 	 0.23235	 2.13125 	 0.22573	 3.76927 	 0.399219
-3956.000 	 2.02832 	 0.216337	 1.98812 	 0.212051	 3.40684 	 0.363369
-3954.000 	 1.6324 	 0.179079	 1.635 	 0.179364	 2.60215 	 0.285462
-3952.000 	 1.07024 	 0.129472	 1.10625 	 0.133828	 1.59093 	 0.192462
-3950.000 	 0.681751 	 0.0988261	 0.720625 	 0.104461	 0.968291 	 0.140363
-3948.000 	 0.552203 	 0.0894881	 0.588125 	 0.0953095	 0.772813 	 0.12524
-3946.000 	 0.555236 	 0.0899161	 0.59125 	 0.0957483	 0.777324 	 0.125882
-3944.000 	 0.695925 	 0.0979594	 0.735 	 0.10346	 0.99003 	 0.139358
-3942.000 	 0.999061 	 0.12105	 1.03687 	 0.125631	 1.47254 	 0.178418
-3940.000 	 1.47402 	 0.163267	 1.48937 	 0.164968	 2.30274 	 0.255059
-3938.000 	 2.08362 	 0.220643	 2.03625 	 0.215628	 3.52616 	 0.373401
-3936.000 	 2.69213 	 0.279903	 2.5475 	 0.264866	 4.9691 	 0.516642
-3934.000 	 2.73371 	 0.284955	 2.58125 	 0.269063	 5.0773 	 0.529245
-3932.000 	 2.37554 	 0.251259	 2.28563 	 0.241749	 4.18719 	 0.442876
-3930.000 	 2.1002 	 0.225436	 2.05063 	 0.220115	 3.5623 	 0.382379
-3928.000 	 1.98545 	 0.214595	 1.95062 	 0.21083	 3.31557 	 0.358359
-3926.000 	 1.79291 	 0.196181	 1.78 	 0.194769	 2.91828 	 0.31932
-3924.000 	 1.24058 	 0.145015	 1.27 	 0.148455	 1.88262 	 0.220066
-3922.000 	 0.489363 	 0.0860203	 0.523125 	 0.0919551	 0.680039 	 0.119538
-3920.000 	 0.0518338 	 0.0668448	 0.056875 	 0.0733458	 0.0686603 	 0.0885441
-3918.000 	 0.0164832 	 0.0682262	 0.018125 	 0.0750219	 0.0217518 	 0.0900336
-3916.000 	 0.248415 	 0.0724063	 0.269375 	 0.0785155	 0.336122 	 0.0979706
-3914.000 	 0.812034 	 0.107798	 0.851875 	 0.113086	 1.17082 	 0.155427
-3912.000 	 1.72823 	 0.188131	 1.72187 	 0.18744	 2.78929 	 0.303637
-3910.000 	 2.27575 	 0.240008	 2.20125 	 0.232151	 3.95513 	 0.417121
-3908.000 	 2.18137 	 0.231058	 2.12062 	 0.224624	 3.74157 	 0.396319
-3906.000 	 1.84681 	 0.198674	 1.82812 	 0.196664	 3.02746 	 0.325684
-3904.000 	 1.76712 	 0.191287	 1.75687 	 0.190178	 2.86659 	 0.310303
-3902.000 	 1.76503 	 0.191212	 1.755 	 0.190125	 2.86242 	 0.310096
-3900.000 	 1.49223 	 0.165609	 1.50625 	 0.167165	 2.33655 	 0.259313
-3898.000 	 0.935426 	 0.116417	 0.974375 	 0.121265	 1.36839 	 0.170301
-3896.000 	 0.474927 	 0.0825101	 0.508125 	 0.0882777	 0.658911 	 0.114474
-3894.000 	 0.729293 	 0.101269	 0.76875 	 0.106747	 1.04149 	 0.14462
-3892.000 	 1.52673 	 0.170266	 1.53812 	 0.171537	 2.40105 	 0.267772
-3890.000 	 1.98902 	 0.213862	 1.95375 	 0.21007	 3.32312 	 0.357307
-3888.000 	 1.82437 	 0.198365	 1.80812 	 0.196599	 2.98182 	 0.324215
-3886.000 	 1.44173 	 0.163387	 1.45937 	 0.165386	 2.24316 	 0.25421
-3884.000 	 1.17127 	 0.139798	 1.20375 	 0.143675	 1.76248 	 0.210363
-3882.000 	 0.898097 	 0.117676	 0.9375 	 0.122839	 1.30801 	 0.171387
-3880.000 	 0.345508 	 0.0815899	 0.3725 	 0.087964	 0.472507 	 0.11158
-3878.000 	 -0.472141 	 0.0824286	 -0.535 	 0.0934027	 -0.592224 	 0.103393
-3876.000 	 -1.15193 	 0.133835	 -1.36312 	 0.158371	 -1.35185 	 0.157062
-3874.000 	 -1.13472 	 0.137094	 -1.34125 	 0.162047	 -1.33383 	 0.16115
-3872.000 	 -0.725254 	 0.10388	 -0.835 	 0.119599	 -0.886978 	 0.127044
-3870.000 	 -0.440468 	 0.0859277	 -0.498125 	 0.0971756	 -0.554273 	 0.108129
-3868.000 	 -0.425931 	 0.086691	 -0.48125 	 0.0979502	 -0.536773 	 0.109251
-3866.000 	 -0.303216 	 0.0803512	 -0.34 	 0.0900989	 -0.386954 	 0.102542
-3864.000 	 0.410268 	 0.0894041	 0.440625 	 0.0960194	 0.565111 	 0.123147
-3862.000 	 1.60023 	 0.185776	 1.60562 	 0.186403	 2.54034 	 0.294918
-3860.000 	 2.24491 	 0.252007	 2.175 	 0.244159	 3.88474 	 0.436089
-3858.000 	 2.26546 	 0.24194	 2.1925 	 0.234148	 3.93158 	 0.419873
-3856.000 	 2.15956 	 0.234169	 2.10187 	 0.227914	 3.693 	 0.400446
-3854.000 	 2.11103 	 0.232469	 2.06 	 0.22685	 3.58599 	 0.394894
-3852.000 	 2.01043 	 0.245983	 1.9725 	 0.241342	 3.36863 	 0.412163
-3850.000 	 2.00257 	 0.25346	 1.96562 	 0.248783	 3.3519 	 0.42424
-3848.000 	 2.08001 	 0.254925	 2.03313 	 0.249179	 3.51834 	 0.431206
-3846.000 	 2.18938 	 0.265315	 2.1275 	 0.257816	 3.75948 	 0.455584
-3844.000 	 2.28899 	 0.272969	 2.2125 	 0.263848	 3.98556 	 0.475291
-3842.000 	 2.37331 	 0.279228	 2.28375 	 0.268691	 4.18194 	 0.49202
-3840.000 	 2.05198 	 0.251033	 2.00875 	 0.245745	 3.45767 	 0.423003
-3838.000 	 1.29325 	 0.182374	 1.32 	 0.186147	 1.9753 	 0.278557
-3836.000 	 0.369215 	 0.120452	 0.3975 	 0.12968	 0.506253 	 0.165159
-3834.000 	 -0.397861 	 0.100729	 -0.44875 	 0.113613	 -0.502834 	 0.127306
-3832.000 	 -1.07888 	 0.133761	 -1.27062 	 0.157535	 -1.27494 	 0.15807
-3830.000 	 -1.41462 	 0.160609	 -1.70312 	 0.193365	 -1.61981 	 0.183906
-3828.000 	 -1.3899 	 0.155594	 -1.67063 	 0.18702	 -1.59515 	 0.178571
-3826.000 	 -1.05852 	 0.127129	 -1.245 	 0.149526	 -1.25331 	 0.150525
-3824.000 	 -0.445307 	 0.0861577	 -0.50375 	 0.0974652	 -0.560087 	 0.108365
-3822.000 	 0.473725 	 0.0909927	 0.506875 	 0.0973601	 0.657156 	 0.126226
-3820.000 	 1.07024 	 0.137779	 1.10625 	 0.142414	 1.59093 	 0.20481
-3818.000 	 1.10702 	 0.141897	 1.14187 	 0.146364	 1.6529 	 0.211867
-3816.000 	 0.910733 	 0.122206	 0.95 	 0.127475	 1.32839 	 0.17825
-3814.000 	 0.764035 	 0.106964	 0.80375 	 0.112524	 1.09549 	 0.153368
-3812.000 	 0.553416 	 0.0918921	 0.589375 	 0.0978629	 0.774617 	 0.128621
-3810.000 	 0.321867 	 0.0791976	 0.3475 	 0.0855048	 0.43903 	 0.108026
-3808.000 	 0.0896319 	 0.0699415	 0.098125 	 0.0765689	 0.11921 	 0.0930221
-3806.000 	 -0.0238139 	 0.0689315	 -0.02625 	 0.0759829	 -0.0312913 	 0.0905755
-3804.000 	 0.162852 	 0.0729457	 0.1775 	 0.0795067	 0.21831 	 0.0977864
-3802.000 	 0.571632 	 0.0925994	 0.608125 	 0.098511	 0.801765 	 0.129879
-3800.000 	 0.524955 	 0.0893943	 0.56 	 0.095362	 0.732425 	 0.124724
-3798.000 	 -0.139069 	 0.0709114	 -0.154375 	 0.0787161	 -0.180528 	 0.0920516
-3796.000 	 -0.805802 	 0.105296	 -0.9325 	 0.121852	 -0.977712 	 0.12776
-3794.000 	 -0.654354 	 0.0974786	 -0.75 	 0.111727	 -0.80591 	 0.120056
-3792.000 	 0.0170522 	 0.0801633	 0.01875 	 0.0881449	 0.022504 	 0.105793
-3790.000 	 0.613066 	 0.109227	 0.650625 	 0.115919	 0.863933 	 0.153923
-3788.000 	 1.01184 	 0.140814	 1.04937 	 0.146037	 1.49366 	 0.207866
-3786.000 	 1.26424 	 0.163464	 1.2925 	 0.167118	 1.92411 	 0.248784
-3784.000 	 1.1576 	 0.153943	 1.19063 	 0.158335	 1.73902 	 0.231264
-3782.000 	 0.77212 	 0.126228	 0.811875 	 0.132727	 1.10812 	 0.181158
-3780.000 	 0.474927 	 0.109027	 0.508125 	 0.116649	 0.658911 	 0.151264
-3778.000 	 0.340774 	 0.103976	 0.3675 	 0.112131	 0.46579 	 0.142121
-3776.000 	 0.253097 	 0.100388	 0.274375 	 0.108828	 0.342632 	 0.135902
-3774.000 	 0.184887 	 0.0987825	 0.20125 	 0.107525	 0.24844 	 0.132738
-3772.000 	 0.162273 	 0.0999516	 0.176875 	 0.108945	 0.21752 	 0.13398
-3770.000 	 0.467718 	 0.111055	 0.500625 	 0.118869	 0.648387 	 0.153953
-3768.000 	 1.19932 	 0.159046	 1.23063 	 0.163198	 1.81086 	 0.240145
-3766.000 	 2.01115 	 0.227222	 1.97313 	 0.222927	 3.37016 	 0.380765
-3764.000 	 2.11825 	 0.230036	 2.06625 	 0.224388	 3.60183 	 0.391148
-3762.000 	 1.87564 	 0.203052	 1.85375 	 0.200683	 3.08649 	 0.334137
-3760.000 	 1.61801 	 0.179325	 1.62187 	 0.179753	 2.57444 	 0.285326
-3758.000 	 1.40087 	 0.159267	 1.42125 	 0.161584	 2.16846 	 0.246535
-3756.000 	 1.12644 	 0.134779	 1.16063 	 0.138869	 1.68584 	 0.201711
-3754.000 	 0.760306 	 0.10565	 0.8 	 0.111166	 1.08968 	 0.151419
-3752.000 	 0.333088 	 0.0799674	 0.359375 	 0.0862783	 0.454898 	 0.109211
-3750.000 	 -0.108305 	 0.0702233	 -0.12 	 0.0778059	 -0.141048 	 0.0914533
-3748.000 	 -0.521282 	 0.0895863	 -0.5925 	 0.101826	 -0.650625 	 0.111815
-3746.000 	 -0.726292 	 0.1067	 -0.83625 	 0.122854	 -0.888156 	 0.13048
-3744.000 	 -0.267024 	 0.0879458	 -0.29875 	 0.098395	 -0.342043 	 0.112654
-3742.000 	 0.757199 	 0.120113	 0.796875 	 0.126407	 1.08483 	 0.172085
-3740.000 	 1.51589 	 0.183575	 1.52812 	 0.185056	 2.38073 	 0.288306
-3738.000 	 1.67226 	 0.194716	 1.67125 	 0.194598	 2.67943 	 0.311989
-3736.000 	 1.54641 	 0.172068	 1.55625 	 0.173164	 2.43808 	 0.271285
-3734.000 	 1.39152 	 0.158279	 1.4125 	 0.160665	 2.15147 	 0.244719
-3732.000 	 1.08506 	 0.131584	 1.12062 	 0.135896	 1.61584 	 0.19595
-3730.000 	 1.1576 	 0.136812	 1.19063 	 0.140716	 1.73902 	 0.205529
-3728.000 	 1.80618 	 0.195801	 1.79187 	 0.19425	 2.94502 	 0.319258
-3726.000 	 2.5261 	 0.264841	 2.41125 	 0.2528	 4.55006 	 0.477037
-3724.000 	 2.35327 	 0.249336	 2.26687 	 0.240182	 4.13484 	 0.4381
-3722.000 	 1.60501 	 0.178673	 1.61 	 0.179228	 2.5495 	 0.283814
-3720.000 	 0.600859 	 0.0936223	 0.638125 	 0.0994289	 0.845556 	 0.13175
-3718.000 	 -0.516488 	 0.0831625	 -0.586875 	 0.0944959	 -0.644954 	 0.103847
-3716.000 	 -1.46004 	 0.159487	 -1.76313 	 0.192594	 -1.66484 	 0.181857
-3714.000 	 -1.71921 	 0.188714	 -2.1125 	 0.231885	 -1.91467 	 0.21017
-3712.000 	 -1.56637 	 0.176078	 -1.905 	 0.214144	 -1.76877 	 0.19883
-3710.000 	 -1.18576 	 0.138827	 -1.40625 	 0.164642	 -1.3871 	 0.1624
-3708.000 	 -0.626551 	 0.0976021	 -0.716875 	 0.111672	 -0.773807 	 0.120541
-3706.000 	 0.0770134 	 0.0779651	 0.084375 	 0.0854177	 0.102289 	 0.103553
-3704.000 	 0.467718 	 0.0944364	 0.500625 	 0.101081	 0.648387 	 0.130915
-3702.000 	 0.629574 	 0.108546	 0.6675 	 0.115085	 0.888865 	 0.153251
-3700.000 	 0.751611 	 0.123001	 0.79125 	 0.129488	 1.07613 	 0.176108
-3698.000 	 0.884219 	 0.132746	 0.92375 	 0.138681	 1.2857 	 0.193021
-3696.000 	 0.979922 	 0.140337	 1.01812 	 0.145808	 1.44105 	 0.206376
-3694.000 	 1.10573 	 0.145859	 1.14062 	 0.150462	 1.65071 	 0.217749
-3692.000 	 1.48346 	 0.167881	 1.49812 	 0.169541	 2.32024 	 0.262579
-3690.000 	 1.66951 	 0.184077	 1.66875 	 0.183993	 2.67407 	 0.294838
-3688.000 	 1.46257 	 0.163853	 1.47875 	 0.165666	 2.28156 	 0.255605
-3686.000 	 1.12126 	 0.132365	 1.15562 	 0.136422	 1.67704 	 0.197975
-3684.000 	 0.830807 	 0.109463	 0.870625 	 0.114709	 1.20051 	 0.158173
-3682.000 	 0.52556 	 0.0896691	 0.560625 	 0.0956517	 0.733319 	 0.125116
-3680.000 	 0.113775 	 0.0718022	 0.124375 	 0.0784917	 0.151714 	 0.0957451
-3678.000 	 -0.450144 	 0.0805773	 -0.509375 	 0.0911799	 -0.565893 	 0.101297
-3676.000 	 -1.0376 	 0.125447	 -1.21875 	 0.147348	 -1.23101 	 0.14883
-3674.000 	 -1.63351 	 0.178363	 -1.99562 	 0.217902	 -1.83336 	 0.200184
-3672.000 	 -2.25535 	 0.234633	 -2.87562 	 0.299163	 -2.39626 	 0.249293
-3670.000 	 -2.5569 	 0.264004	 -3.33062 	 0.343893	 -2.64815 	 0.273426
-3668.000 	 -2.45562 	 0.256039	 -3.17563 	 0.331112	 -2.56498 	 0.267441
-3666.000 	 -2.10309 	 0.225999	 -2.65312 	 0.285105	 -2.26406 	 0.243296
-3664.000 	 -1.56963 	 0.180764	 -1.90938 	 0.21989	 -1.77192 	 0.20406
-3662.000 	 -0.806316 	 0.122801	 -0.933125 	 0.142114	 -0.978286 	 0.148992
-3660.000 	 -0.212432 	 0.0962581	 -0.236875 	 0.107334	 -0.273658 	 0.124001
-3658.000 	 0.0164832 	 0.0909567	 0.018125 	 0.100016	 0.0217518 	 0.120029
-3656.000 	 0.183145 	 0.0849582	 0.199375 	 0.092487	 0.246053 	 0.11414
-3654.000 	 0.696541 	 0.11237	 0.735625 	 0.118675	 0.990977 	 0.15987
-3652.000 	 1.37817 	 0.167946	 1.4 	 0.170606	 2.12729 	 0.259234
-3650.000 	 1.69986 	 0.202429	 1.69625 	 0.202	 2.7334 	 0.32551
-3648.000 	 1.59955 	 0.185086	 1.605 	 0.185717	 2.53904 	 0.293796
-3646.000 	 1.36751 	 0.161264	 1.39 	 0.163915	 2.10804 	 0.24859
-3644.000 	 1.10767 	 0.144057	 1.1425 	 0.148587	 1.654 	 0.215109
-3642.000 	 0.767765 	 0.119	 0.8075 	 0.125159	 1.10132 	 0.170699
-3640.000 	 0.180243 	 0.0913435	 0.19625 	 0.0994555	 0.242078 	 0.12268
-3638.000 	 -0.623397 	 0.110505	 -0.713125 	 0.12641	 -0.770154 	 0.13652
-3636.000 	 -1.37894 	 0.161213	 -1.65625 	 0.193634	 -1.58418 	 0.185209
-3634.000 	 -1.81653 	 0.195496	 -2.24688 	 0.241811	 -2.00551 	 0.215834
-3632.000 	 -2.09401 	 0.222969	 -2.64 	 0.281106	 -2.25606 	 0.240224
-3630.000 	 -2.14963 	 0.229713	 -2.72062 	 0.290731	 -2.30483 	 0.246298
-3628.000 	 -1.95681 	 0.21398	 -2.44375 	 0.267227	 -2.13371 	 0.233323
-3626.000 	 -1.59145 	 0.183869	 -1.93875 	 0.223995	 -1.79298 	 0.207153
-3624.000 	 -1.20091 	 0.152005	 -1.42562 	 0.180449	 -1.40281 	 0.177562
-3622.000 	 -0.734072 	 0.119372	 -0.845625 	 0.137512	 -0.896981 	 0.145863
-3620.000 	 -0.185276 	 0.0983292	 -0.20625 	 0.109461	 -0.239351 	 0.127028
-3618.000 	 0.398944 	 0.0956579	 0.42875 	 0.102805	 0.548822 	 0.131595
-3616.000 	 0.986297 	 0.129909	 1.02438 	 0.134924	 1.45152 	 0.191185
-3614.000 	 1.4471 	 0.175757	 1.46437 	 0.177855	 2.25304 	 0.273642
-3612.000 	 1.75112 	 0.203642	 1.7425 	 0.202639	 2.83471 	 0.329654
-3610.000 	 1.65644 	 0.190475	 1.65687 	 0.190526	 2.64865 	 0.304571
-3608.000 	 1.06574 	 0.135714	 1.10187 	 0.140316	 1.58338 	 0.201632
-3606.000 	 0.418622 	 0.0942321	 0.449375 	 0.101155	 0.577154 	 0.129918
-3604.000 	 0.423399 	 0.098128	 0.454375 	 0.105307	 0.584051 	 0.135361
-3602.000 	 0.840209 	 0.123859	 0.88 	 0.129725	 1.21543 	 0.179172
-3600.000 	 1.13487 	 0.148768	 1.16875 	 0.153209	 1.70019 	 0.222875
-3598.000 	 1.20193 	 0.1561	 1.23313 	 0.160151	 1.81538 	 0.235771
-3596.000 	 1.09733 	 0.146389	 1.1325 	 0.151081	 1.63652 	 0.21832
-3594.000 	 0.660228 	 0.116969	 0.69875 	 0.123793	 0.935413 	 0.165721
-3592.000 	 -0.00170328 	 0.0962354	 -0.001875 	 0.105938	 -0.00224336 	 0.12675
-3590.000 	 -0.416226 	 0.105425	 -0.47 	 0.119046	 -0.52506 	 0.132992
-3588.000 	 -0.47482 	 0.106568	 -0.538125 	 0.120776	 -0.595422 	 0.133636
-3586.000 	 -0.433472 	 0.103507	 -0.49 	 0.117005	 -0.545857 	 0.130342
-3584.000 	 -0.475891 	 0.102681	 -0.539375 	 0.116379	 -0.596701 	 0.128748
-3582.000 	 -0.51329 	 0.102372	 -0.583125 	 0.1163	 -0.641167 	 0.127876
-3580.000 	 -0.190825 	 0.0912562	 -0.2125 	 0.101622	 -0.246378 	 0.117823
-3578.000 	 0.646727 	 0.114683	 0.685 	 0.12147	 0.914871 	 0.162232
-3576.000 	 1.66056 	 0.196299	 1.66063 	 0.196306	 2.65666 	 0.314051
-3574.000 	 2.06778 	 0.235689	 2.0225 	 0.230528	 3.49181 	 0.398002
-3572.000 	 2.132 	 0.236323	 2.07812 	 0.230351	 3.63206 	 0.402597
-3570.000 	 1.9088 	 0.214224	 1.88312 	 0.211342	 3.15496 	 0.35408
-3568.000 	 1.3058 	 0.159862	 1.33187 	 0.163054	 1.99757 	 0.244551
-3566.000 	 0.539477 	 0.102685	 0.575 	 0.109446	 0.753919 	 0.143502
-3564.000 	 0.0615532 	 0.0817331	 0.0675 	 0.0896295	 0.0816196 	 0.108378
-3562.000 	 -0.279106 	 0.0782711	 -0.3125 	 0.0876361	 -0.357073 	 0.100136
-3560.000 	 -0.450681 	 0.0854751	 -0.51 	 0.0967253	 -0.566537 	 0.107448
-3558.000 	 -0.407048 	 0.0912666	 -0.459375 	 0.102999	 -0.513964 	 0.115239
-3556.000 	 -0.258776 	 0.0987454	 -0.289375 	 0.110422	 -0.33176 	 0.126595
-3554.000 	 -0.186941 	 0.105801	 -0.208125 	 0.117791	 -0.24146 	 0.136657
-3552.000 	 -0.126218 	 0.11648	 -0.14 	 0.129198	 -0.164067 	 0.151409
-3550.000 	 0.0626974 	 0.124128	 0.06875 	 0.136111	 0.083147 	 0.164614
-3548.000 	 0.440141 	 0.137803	 0.471875 	 0.147738	 0.60828 	 0.190445
-3546.000 	 0.898097 	 0.160912	 0.9375 	 0.167972	 1.30801 	 0.234357
-3544.000 	 1.28863 	 0.180945	 1.31562 	 0.184736	 1.96712 	 0.276217
-3542.000 	 1.55524 	 0.177897	 1.56438 	 0.178941	 2.45477 	 0.280789
-3540.000 	 1.59886 	 0.175582	 1.60438 	 0.176187	 2.53773 	 0.278685
-3538.000 	 1.30779 	 0.148998	 1.33375 	 0.151956	 2.00109 	 0.227987
-3536.000 	 0.795172 	 0.107283	 0.835 	 0.112656	 1.14426 	 0.154381
-3534.000 	 0.313608 	 0.0777727	 0.33875 	 0.0840076	 0.427377 	 0.105986
-3532.000 	 -0.173053 	 0.0696088	 -0.1925 	 0.077431	 -0.223847 	 0.09004
-3530.000 	 -0.542554 	 0.0879271	 -0.6175 	 0.100073	 -0.675727 	 0.109509
-3528.000 	 -0.672139 	 0.103501	 -0.77125 	 0.118763	 -0.826352 	 0.127248
-3526.000 	 -0.681016 	 0.107166	 -0.781875 	 0.123038	 -0.836529 	 0.131638
-3524.000 	 -0.532988 	 0.103516	 -0.60625 	 0.117745	 -0.664453 	 0.129049
-3522.000 	 -0.297742 	 0.0914084	 -0.33375 	 0.102463	 -0.380183 	 0.116718
-3520.000 	 -0.057151 	 0.0785785	 -0.063125 	 0.0867924	 -0.0748313 	 0.102888
-3518.000 	 0.222712 	 0.0783334	 0.241875 	 0.0850734	 0.300501 	 0.105694
-3516.000 	 0.516496 	 0.0944323	 0.55125 	 0.100786	 0.719937 	 0.131628
-3514.000 	 0.807034 	 0.113293	 0.846875 	 0.118886	 1.16294 	 0.163255
-3512.000 	 1.10314 	 0.138047	 1.13812 	 0.142425	 1.64634 	 0.206023
-3510.000 	 1.31904 	 0.155243	 1.34437 	 0.158225	 2.02112 	 0.237874
-3508.000 	 1.42898 	 0.161369	 1.4475 	 0.16346	 2.21978 	 0.250669
-3506.000 	 1.4875 	 0.167246	 1.50187 	 0.168861	 2.32776 	 0.261719
-3504.000 	 1.57839 	 0.175141	 1.58562 	 0.175944	 2.49868 	 0.277257
-3502.000 	 1.65575 	 0.181889	 1.65625 	 0.181944	 2.64732 	 0.290815
-3500.000 	 1.47267 	 0.165333	 1.48812 	 0.167068	 2.30024 	 0.258242
-3498.000 	 0.971005 	 0.121511	 1.00937 	 0.126313	 1.42643 	 0.178502
-3496.000 	 0.478533 	 0.0853716	 0.511875 	 0.0913198	 0.664184 	 0.118492
-3494.000 	 0.499603 	 0.086881	 0.53375 	 0.0928191	 0.695068 	 0.120872
-3492.000 	 0.858415 	 0.112606	 0.898125 	 0.117815	 1.24441 	 0.16324
-3490.000 	 1.08506 	 0.130903	 1.12062 	 0.135193	 1.61584 	 0.194936
-3488.000 	 1.03554 	 0.126536	 1.0725 	 0.131052	 1.53297 	 0.187317
-3486.000 	 0.996507 	 0.123266	 1.03438 	 0.12795	 1.46833 	 0.18163
-3484.000 	 1.28797 	 0.148424	 1.315 	 0.15154	 1.96595 	 0.226555
-3482.000 	 1.81177 	 0.196569	 1.79688 	 0.194953	 2.95631 	 0.320747
-3480.000 	 2.09515 	 0.223812	 2.04625 	 0.218589	 3.55128 	 0.379362
-3478.000 	 2.0183 	 0.215945	 1.97937 	 0.211781	 3.38541 	 0.362218
-3476.000 	 1.71299 	 0.187084	 1.70812 	 0.186553	 2.75923 	 0.301349
-3474.000 	 1.1537 	 0.136474	 1.18687 	 0.140398	 1.73234 	 0.204923
-3472.000 	 0.410268 	 0.081495	 0.440625 	 0.0875251	 0.565111 	 0.112253
-3470.000 	 -0.241152 	 0.0729235	 -0.269375 	 0.0814579	 -0.309731 	 0.0936614
-3468.000 	 -0.736663 	 0.102733	 -0.84875 	 0.118364	 -0.899918 	 0.1255
-3466.000 	 -1.00162 	 0.127362	 -1.17375 	 0.14925	 -1.19243 	 0.151625
-3464.000 	 -0.742362 	 0.110525	 -0.855625 	 0.127388	 -0.90637 	 0.134943
-3462.000 	 -0.0875448 	 0.0868575	 -0.096875 	 0.0961145	 -0.114261 	 0.113364
-3460.000 	 0.452719 	 0.104794	 0.485 	 0.112267	 0.626543 	 0.145031
-3458.000 	 0.653475 	 0.117047	 0.691875 	 0.123925	 0.92513 	 0.165704
-3456.000 	 0.704563 	 0.120929	 0.74375 	 0.127655	 1.00331 	 0.172205
-3454.000 	 0.52556 	 0.11262	 0.560625 	 0.120134	 0.733319 	 0.157139
-3452.000 	 0.153014 	 0.0986188	 0.166875 	 0.107552	 0.204903 	 0.132062
-3450.000 	 -0.0998952 	 0.0900103	 -0.110625 	 0.0996783	 -0.130211 	 0.117326
-3448.000 	 0.0329993 	 0.0771639	 0.03625 	 0.084765	 0.0436238 	 0.102008
-3446.000 	 0.48154 	 0.0929273	 0.515 	 0.0993844	 0.668582 	 0.129023
-3444.000 	 0.974188 	 0.127584	 1.0125 	 0.132602	 1.43164 	 0.187495
-3442.000 	 1.57634 	 0.177596	 1.58375 	 0.17843	 2.49479 	 0.281071
-3440.000 	 1.97904 	 0.210985	 1.945 	 0.207355	 3.30201 	 0.352026
-3438.000 	 2.06059 	 0.217812	 2.01625 	 0.213125	 3.47627 	 0.367454
-3436.000 	 1.85383 	 0.198762	 1.83437 	 0.196676	 3.0418 	 0.326132
-3434.000 	 1.21894 	 0.139872	 1.24937 	 0.143364	 1.8449 	 0.211699
-3432.000 	 0.307125 	 0.0732631	 0.331875 	 0.0791671	 0.418243 	 0.0997697
-3430.000 	 -0.368607 	 0.0749225	 -0.415 	 0.0843523	 -0.467256 	 0.0949738
-3428.000 	 -0.722139 	 0.0967192	 -0.83125 	 0.111333	 -0.88344 	 0.118323
-3426.000 	 -0.91345 	 0.112054	 -1.06438 	 0.130568	 -1.09676 	 0.134541
-3424.000 	 -0.783167 	 0.103109	 -0.905 	 0.119149	 -0.952359 	 0.125384
-3422.000 	 -0.366436 	 0.0802041	 -0.4125 	 0.0902865	 -0.464607 	 0.101692
-3420.000 	 0.0999704 	 0.0766324	 0.109375 	 0.0838415	 0.133108 	 0.102034
-3418.000 	 0.522538 	 0.0942993	 0.5575 	 0.100609	 0.728853 	 0.131532
-3416.000 	 0.876029 	 0.116922	 0.915625 	 0.122207	 1.27257 	 0.169848
-3414.000 	 0.785196 	 0.108549	 0.825 	 0.114052	 1.1286 	 0.156023
-3412.000 	 0.364468 	 0.0843124	 0.3925 	 0.0907969	 0.499482 	 0.115545
-3410.000 	 0.0142077 	 0.072189	 0.015625 	 0.0793904	 0.0187444 	 0.09524
-3408.000 	 -0.218516 	 0.0752411	 -0.24375 	 0.08393	 -0.281318 	 0.0968656
-3406.000 	 -0.412448 	 0.0834322	 -0.465625 	 0.0941891	 -0.520495 	 0.105289
-3404.000 	 -0.470534 	 0.0878558	 -0.533125 	 0.0995426	 -0.590304 	 0.110219
-3402.000 	 -0.402186 	 0.0856478	 -0.45375 	 0.0966287	 -0.508076 	 0.108198
-3400.000 	 -0.267573 	 0.0821276	 -0.299375 	 0.0918886	 -0.342727 	 0.105195
-3398.000 	 -0.0712362 	 0.0873574	 -0.07875 	 0.0965716	 -0.0931353 	 0.114212
-3396.000 	 0.0936509 	 0.0921295	 0.1025 	 0.100835	 0.124609 	 0.122585
-3394.000 	 -0.0198497 	 0.0987015	 -0.021875 	 0.108772	 -0.0260934 	 0.129748
-3392.000 	 -0.319067 	 0.109173	 -0.358125 	 0.122538	 -0.406519 	 0.139096
-3390.000 	 -0.618665 	 0.114826	 -0.7075 	 0.131314	 -0.764668 	 0.141925
-3388.000 	 -0.882481 	 0.124157	 -1.02625 	 0.144384	 -1.06277 	 0.149522
-3386.000 	 -1.15488 	 0.1414	 -1.36687 	 0.167355	 -1.35493 	 0.165893
-3384.000 	 -1.43405 	 0.163383	 -1.72875 	 0.196958	 -1.63912 	 0.186746
-3382.000 	 -1.70233 	 0.185355	 -2.08937 	 0.227497	 -1.89876 	 0.206742
-3380.000 	 -1.84749 	 0.196977	 -2.29 	 0.244158	 -2.03407 	 0.216871
-3378.000 	 -1.8448 	 0.195035	 -2.28625 	 0.241706	 -2.0316 	 0.214784
-3376.000 	 -1.70096 	 0.18144	 -2.0875 	 0.222672	 -1.89746 	 0.202401
-3374.000 	 -1.25054 	 0.142704	 -1.48937 	 0.169959	 -1.45398 	 0.16592
-3372.000 	 -0.516488 	 0.0886542	 -0.586875 	 0.100736	 -0.644954 	 0.110705
-3370.000 	 0.056978 	 0.0802566	 0.0625 	 0.0880346	 0.0755158 	 0.106368
-3368.000 	 0.268917 	 0.0846011	 0.29125 	 0.0916271	 0.364679 	 0.114728
-3366.000 	 0.292997 	 0.086864	 0.316875 	 0.093943	 0.398385 	 0.118108
-3364.000 	 0.179083 	 0.0840104	 0.195 	 0.0914775	 0.240489 	 0.112817
-3362.000 	 -0.0706732 	 0.0853835	 -0.078125 	 0.0943864	 -0.0924047 	 0.111638
-3360.000 	 -0.314151 	 0.0871797	 -0.3525 	 0.0978219	 -0.400458 	 0.111131
-3358.000 	 -0.494613 	 0.0960567	 -0.56125 	 0.108998	 -0.619002 	 0.120214
-3356.000 	 -0.628653 	 0.104136	 -0.719375 	 0.119164	 -0.77624 	 0.128583
-3354.000 	 -0.626026 	 0.103335	 -0.71625 	 0.118228	 -0.773198 	 0.127628
-3352.000 	 -0.473748 	 0.0941375	 -0.536875 	 0.106681	 -0.594143 	 0.118061
-3350.000 	 -0.548393 	 0.0998472	 -0.624375 	 0.113681	 -0.682599 	 0.124282
-3348.000 	 -0.931669 	 0.125161	 -1.08688 	 0.146011	 -1.11666 	 0.150013
-3346.000 	 -1.40132 	 0.165509	 -1.68562 	 0.199088	 -1.60656 	 0.18975
-3344.000 	 -1.73196 	 0.192096	 -2.13 	 0.236244	 -1.92666 	 0.213691
-3342.000 	 -1.98806 	 0.213434	 -2.48812 	 0.26712	 -2.16183 	 0.23209
-3340.000 	 -1.95725 	 0.215355	 -2.44437 	 0.268953	 -2.1341 	 0.234814
-3338.000 	 -1.54028 	 0.182185	 -1.87 	 0.221184	 -1.74345 	 0.206216
-3336.000 	 -0.978035 	 0.1379	 -1.14437 	 0.161354	 -1.167 	 0.164544
-3334.000 	 -0.786772 	 0.121615	 -0.909375 	 0.140566	 -0.956405 	 0.147836
-3332.000 	 -0.842191 	 0.121878	 -0.976875 	 0.141369	 -1.01823 	 0.147354
-3330.000 	 -0.782652 	 0.107593	 -0.904375 	 0.124327	 -0.951781 	 0.130844
-3328.000 	 -0.650164 	 0.106005	 -0.745 	 0.121467	 -0.801083 	 0.130611
-3326.000 	 -0.535646 	 0.0996718	 -0.609375 	 0.113391	 -0.667588 	 0.124223
-3324.000 	 -0.260976 	 0.0814154	 -0.291875 	 0.0910548	 -0.334505 	 0.104354
-3322.000 	 0.133371 	 0.0815219	 0.145625 	 0.0890118	 0.178221 	 0.108936
-3320.000 	 0.195344 	 0.0858479	 0.2125 	 0.0933873	 0.262791 	 0.115489
-3318.000 	 -0.164153 	 0.0823243	 -0.1825 	 0.0915255	 -0.212532 	 0.106587
-3316.000 	 -0.697699 	 0.105287	 -0.801875 	 0.121008	 -0.855607 	 0.129116
-3314.000 	 -1.17156 	 0.139482	 -1.38813 	 0.165266	 -1.37233 	 0.163386
-3312.000 	 -1.65285 	 0.180816	 -2.02187 	 0.221187	 -1.85181 	 0.202583
-3310.000 	 -1.98015 	 0.210682	 -2.47687 	 0.263532	 -2.15473 	 0.229257
-3308.000 	 -2.11432 	 0.22434	 -2.66937 	 0.283234	 -2.27393 	 0.241275
-3306.000 	 -2.29965 	 0.244927	 -2.94125 	 0.313262	 -2.43407 	 0.259244
-3304.000 	 -2.83309 	 0.294696	 -3.765 	 0.391632	 -2.86797 	 0.298324
-3302.000 	 -3.52219 	 0.360308	 -4.92937 	 0.504258	 -3.37545 	 0.345297
-3300.000 	 -3.90565 	 0.397778	 -5.6325 	 0.573652	 -3.63509 	 0.370222
-3298.000 	 -3.83881 	 0.392117	 -5.50687 	 0.562503	 -3.59091 	 0.366796
-3296.000 	 -3.59831 	 0.372909	 -5.06562 	 0.524974	 -3.42821 	 0.355281
-3294.000 	 -3.33514 	 0.350718	 -4.60125 	 0.483861	 -3.24313 	 0.341043
-3292.000 	 -2.95776 	 0.316547	 -3.96687 	 0.424544	 -2.96398 	 0.317211
-3290.000 	 -2.42883 	 0.270733	 -3.135 	 0.349448	 -2.54274 	 0.28343
-3288.000 	 -1.82506 	 0.240944	 -2.25875 	 0.298199	 -2.0134 	 0.265808
-3286.000 	 -1.46617 	 0.191462	 -1.77125 	 0.2313	 -1.67088 	 0.218194
-3284.000 	 -0.865676 	 0.146643	 -1.00562 	 0.17035	 -1.04423 	 0.17689
-3282.000 	 -0.574355 	 0.148058	 -0.655 	 0.168847	 -0.713054 	 0.183813
-3280.000 	 -0.603922 	 0.126888	 -0.69 	 0.144973	 -0.747546 	 0.157064
-3278.000 	 -0.744433 	 0.134453	 -0.858125 	 0.154987	 -0.908713 	 0.164124
-3276.000 	 -1.02013 	 0.156382	 -1.19687 	 0.183476	 -1.21231 	 0.185843
-3274.000 	 -0.993597 	 0.151974	 -1.16375 	 0.178	 -1.18379 	 0.181065
-3272.000 	 -0.779044 	 0.139321	 -0.9 	 0.160952	 -0.94773 	 0.169488
-3270.000 	 -0.718504 	 0.135024	 -0.826875 	 0.15539	 -0.879309 	 0.165243
-3268.000 	 -0.875356 	 0.1416	 -1.0175 	 0.164593	 -1.05492 	 0.170646
-3266.000 	 -0.977533 	 0.148189	 -1.14375 	 0.173387	 -1.16646 	 0.176829
-3264.000 	 -0.676317 	 0.130986	 -0.77625 	 0.15034	 -0.831145 	 0.160972
-3262.000 	 -0.0813626 	 0.113014	 -0.09 	 0.125012	 -0.106261 	 0.147599
-3260.000 	 0.258953 	 0.119062	 0.280625 	 0.129026	 0.350784 	 0.161284
-3258.000 	 0.22738 	 0.106925	 0.246875 	 0.116093	 0.306955 	 0.144345
-3256.000 	 0.176762 	 0.102542	 0.1925 	 0.111672	 0.237313 	 0.137668
-3254.000 	 0.489965 	 0.112919	 0.52375 	 0.120705	 0.680922 	 0.156927
-3252.000 	 0.992039 	 0.146686	 1.03 	 0.152299	 1.46097 	 0.216024
-3250.000 	 1.23467 	 0.162655	 1.26438 	 0.166569	 1.87231 	 0.246657
-3248.000 	 1.16085 	 0.154601	 1.19375 	 0.158982	 1.7446 	 0.232344
-3246.000 	 1.02465 	 0.141995	 1.06187 	 0.147154	 1.51486 	 0.209929
-3244.000 	 0.983109 	 0.137383	 1.02125 	 0.142713	 1.44628 	 0.202109
-3242.000 	 0.955103 	 0.137861	 0.99375 	 0.143439	 1.40043 	 0.202139
-3240.000 	 0.611845 	 0.114824	 0.649375 	 0.121867	 0.862092 	 0.161788
-3238.000 	 -0.0959676 	 0.0880245	 -0.10625 	 0.0974559	 -0.125143 	 0.114785
-3236.000 	 -0.726292 	 0.109311	 -0.83625 	 0.125861	 -0.888156 	 0.133673
-3234.000 	 -0.696658 	 0.105222	 -0.800625 	 0.120925	 -0.854417 	 0.12905
-3232.000 	 -0.252722 	 0.0881284	 -0.2825 	 0.0985125	 -0.324202 	 0.113055
-3230.000 	 -0.0492527 	 0.0853438	 -0.054375 	 0.0942195	 -0.0645435 	 0.111839
-3228.000 	 -0.279106 	 0.0885258	 -0.3125 	 0.0991177	 -0.357073 	 0.113255
-3226.000 	 -0.544147 	 0.0994033	 -0.619375 	 0.113146	 -0.677602 	 0.123783
-3224.000 	 -0.448532 	 0.0942183	 -0.5075 	 0.106605	 -0.563959 	 0.118465
-3222.000 	 -0.132925 	 0.0849694	 -0.1475 	 0.0942859	 -0.172664 	 0.110372
-3220.000 	 -0.0147501 	 0.0842586	 -0.01625 	 0.0928267	 -0.0194001 	 0.110822
-3218.000 	 -0.221832 	 0.0863648	 -0.2475 	 0.0963578	 -0.285489 	 0.111148
-3216.000 	 -0.396779 	 0.0923585	 -0.4475 	 0.104165	 -0.501522 	 0.11674
-3214.000 	 -0.0430416 	 0.0859079	 -0.0475 	 0.0948066	 -0.0564412 	 0.112653
-3212.000 	 0.710121 	 0.114196	 0.749375 	 0.120508	 1.01188 	 0.162722
-3210.000 	 1.24452 	 0.152383	 1.27375 	 0.155963	 1.88951 	 0.231359
-3208.000 	 1.33959 	 0.16414	 1.36375 	 0.1671	 2.05784 	 0.252147
-3206.000 	 1.29259 	 0.165578	 1.31937 	 0.169009	 1.97413 	 0.252882
-3204.000 	 1.24386 	 0.162994	 1.27312 	 0.166829	 1.88836 	 0.24745
-3202.000 	 1.13227 	 0.156063	 1.16625 	 0.160746	 1.69577 	 0.23373
-3200.000 	 0.929721 	 0.144078	 0.96875 	 0.150127	 1.35913 	 0.210623
-3198.000 	 0.654089 	 0.127048	 0.6925 	 0.134508	 0.926064 	 0.179875
-3196.000 	 0.459316 	 0.117067	 0.491875 	 0.125365	 0.63614 	 0.162134
-3194.000 	 0.733628 	 0.131001	 0.773125 	 0.138054	 1.04821 	 0.187174
-3192.000 	 1.35288 	 0.175517	 1.37625 	 0.178549	 2.08168 	 0.270069
-3190.000 	 1.5369 	 0.191667	 1.5475 	 0.192988	 2.42017 	 0.301819
-3188.000 	 1.05095 	 0.155165	 1.0875 	 0.160562	 1.55864 	 0.230123
-3186.000 	 0.419816 	 0.119691	 0.450625 	 0.128475	 0.578877 	 0.16504
-3184.000 	 0.0329993 	 0.112417	 0.03625 	 0.123491	 0.0436238 	 0.148611
-3182.000 	 -0.256025 	 0.116876	 -0.28625 	 0.130674	 -0.328327 	 0.149882
-3180.000 	 -0.461418 	 0.119643	 -0.5225 	 0.135481	 -0.579403 	 0.150236
-3178.000 	 -0.568005 	 0.116729	 -0.6475 	 0.133066	 -0.70562 	 0.14501
-3176.000 	 -0.588096 	 0.110572	 -0.67125 	 0.126206	 -0.729109 	 0.137085
-3174.000 	 -0.488733 	 0.102733	 -0.554375 	 0.116531	 -0.612008 	 0.128646
-3172.000 	 -0.2813 	 0.0946927	 -0.315 	 0.106037	 -0.359799 	 0.121117
-3170.000 	 0.0159143 	 0.0912367	 0.0175 	 0.100328	 0.0209997 	 0.120392
-3168.000 	 0.387634 	 0.102353	 0.416875 	 0.110074	 0.532595 	 0.14063
-3166.000 	 0.787689 	 0.125628	 0.8275 	 0.131977	 1.13251 	 0.180623
-3164.000 	 0.813284 	 0.135547	 0.853125 	 0.142187	 1.17279 	 0.195466
-3162.000 	 0.754715 	 0.119485	 0.794375 	 0.125764	 1.08096 	 0.171136
-3160.000 	 0.911365 	 0.126953	 0.950625 	 0.132421	 1.32941 	 0.185186
-3158.000 	 1.16085 	 0.143393	 1.19375 	 0.147457	 1.7446 	 0.215499
-3156.000 	 1.27807 	 0.149732	 1.30562 	 0.15296	 1.94847 	 0.228272
-3154.000 	 0.773364 	 0.107661	 0.813125 	 0.113196	 1.11007 	 0.154534
-3152.000 	 -0.110547 	 0.0710845	 -0.1225 	 0.0787709	 -0.143933 	 0.0925529
-3150.000 	 -0.874338 	 0.110777	 -1.01625 	 0.128758	 -1.05379 	 0.133514
-3148.000 	 -1.42837 	 0.15965	 -1.72125 	 0.192386	 -1.63348 	 0.182576
-3146.000 	 -1.84301 	 0.196652	 -2.28375 	 0.24368	 -2.02995 	 0.2166
-3144.000 	 -2.02137 	 0.213351	 -2.53563 	 0.26763	 -2.19164 	 0.231323
-3142.000 	 -2.05016 	 0.216433	 -2.57687 	 0.272038	 -2.21727 	 0.234075
-3140.000 	 -2.14103 	 0.224625	 -2.70812 	 0.284121	 -2.29732 	 0.241022
-3138.000 	 -2.27943 	 0.239849	 -2.91125 	 0.30633	 -2.41685 	 0.254308
-3136.000 	 -2.36162 	 0.248967	 -3.03375 	 0.319825	 -2.4865 	 0.262132
-3134.000 	 -2.2562 	 0.240771	 -2.87687 	 0.307007	 -2.39698 	 0.255795
-3132.000 	 -2.00079 	 0.220659	 -2.50625 	 0.276405	 -2.17325 	 0.239679
-3130.000 	 -1.77368 	 0.202548	 -2.1875 	 0.249804	 -1.96571 	 0.224477
-3128.000 	 -1.6372 	 0.19497	 -2.00062 	 0.23825	 -1.83688 	 0.21875
-3126.000 	 -1.48783 	 0.18368	 -1.8 	 0.222219	 -1.69219 	 0.208909
-3124.000 	 -1.25393 	 0.167094	 -1.49375 	 0.199052	 -1.45747 	 0.194217
-3122.000 	 -0.978538 	 0.145067	 -1.145 	 0.169745	 -1.16754 	 0.173087
-3120.000 	 -0.756332 	 0.126866	 -0.8725 	 0.146352	 -0.922156 	 0.154681
-3118.000 	 -0.650164 	 0.103016	 -0.745 	 0.118042	 -0.801083 	 0.126928
-3116.000 	 -0.552107 	 0.0946134	 -0.62875 	 0.107747	 -0.686966 	 0.117724
-3114.000 	 -0.292813 	 0.0794901	 -0.328125 	 0.0890762	 -0.37408 	 0.101552
-3112.000 	 0.0501198 	 0.0753466	 0.055 	 0.0826831	 0.0663777 	 0.0997875
-3110.000 	 0.344916 	 0.0863185	 0.371875 	 0.0930652	 0.471666 	 0.118039
-3108.000 	 0.602079 	 0.100158	 0.639375 	 0.106363	 0.84739 	 0.140967
-3106.000 	 0.780835 	 0.115233	 0.820625 	 0.121105	 1.12176 	 0.165546
-3104.000 	 0.785819 	 0.115807	 0.825625 	 0.121674	 1.12958 	 0.166467
-3102.000 	 0.657772 	 0.10541	 0.69625 	 0.111576	 0.931671 	 0.149303
-3100.000 	 0.40371 	 0.0953526	 0.43375 	 0.102448	 0.555673 	 0.131245
-3098.000 	 0.0546913 	 0.0839244	 0.06 	 0.0920707	 0.0724674 	 0.111202
-3096.000 	 -0.310872 	 0.0855183	 -0.34875 	 0.0959383	 -0.396412 	 0.10905
-3094.000 	 -0.437778 	 0.090115	 -0.495 	 0.101894	 -0.551038 	 0.113429
-3092.000 	 -0.417305 	 0.0872765	 -0.47125 	 0.0985588	 -0.526364 	 0.110085
-3090.000 	 -0.0481238 	 0.08393	 -0.053125 	 0.0926524	 -0.0630716 	 0.11
-3088.000 	 0.781458 	 0.120394	 0.82125 	 0.126525	 1.12274 	 0.172974
-3086.000 	 1.66125 	 0.191681	 1.66125 	 0.191681	 2.658 	 0.30669
-3084.000 	 1.48076 	 0.179688	 1.49562 	 0.181492	 2.31523 	 0.28095
-3082.000 	 0.741065 	 0.124923	 0.780625 	 0.131592	 1.05974 	 0.178644
-3080.000 	 0.27009 	 0.103151	 0.2925 	 0.11171	 0.366317 	 0.139902
-3078.000 	 0.182565 	 0.103243	 0.19875 	 0.112396	 0.245258 	 0.138697
-3076.000 	 0.194182 	 0.106065	 0.21125 	 0.115388	 0.261194 	 0.142668
-3074.000 	 0.201742 	 0.109075	 0.219375 	 0.118609	 0.271585 	 0.146837
-3072.000 	 0.146654 	 0.102736	 0.16 	 0.112085	 0.196251 	 0.13748
-3070.000 	 0.0741482 	 0.0847399	 0.08125 	 0.0928562	 0.0984533 	 0.112517
-3068.000 	 0.188371 	 0.0952062	 0.205 	 0.103611	 0.253218 	 0.127981
-3066.000 	 0.409075 	 0.100364	 0.439375 	 0.107798	 0.563394 	 0.138225
-3064.000 	 0.763413 	 0.115772	 0.803125 	 0.121794	 1.09452 	 0.165985
-3062.000 	 1.18561 	 0.147257	 1.2175 	 0.151218	 1.78717 	 0.221973
-3060.000 	 1.14785 	 0.140009	 1.18125 	 0.144082	 1.72234 	 0.210082
-3058.000 	 0.498398 	 0.0916587	 0.5325 	 0.0979303	 0.693297 	 0.127502
-3056.000 	 -0.346324 	 0.083157	 -0.389375 	 0.093494	 -0.440013 	 0.105653
-3054.000 	 -0.983561 	 0.125009	 -1.15125 	 0.146322	 -1.17297 	 0.149082
-3052.000 	 -1.49628 	 0.168483	 -1.81125 	 0.203949	 -1.70048 	 0.191477
-3050.000 	 -1.78905 	 0.194851	 -2.20875 	 0.240562	 -1.98002 	 0.21565
-3048.000 	 -1.89168 	 0.203924	 -2.35187 	 0.253533	 -2.07458 	 0.22364
-3046.000 	 -1.74377 	 0.188026	 -2.14625 	 0.231424	 -1.93775 	 0.208942
-3044.000 	 -1.52393 	 0.168942	 -1.84812 	 0.204883	 -1.72752 	 0.191513
-3042.000 	 -1.22576 	 0.146172	 -1.4575 	 0.173807	 -1.4285 	 0.170349
-3040.000 	 -0.763566 	 0.115489	 -0.88125 	 0.133289	 -0.930314 	 0.14071
-3038.000 	 -0.256025 	 0.0962621	 -0.28625 	 0.107626	 -0.328327 	 0.123447
-3036.000 	 0.224462 	 0.0950629	 0.24375 	 0.103231	 0.30292 	 0.128291
-3034.000 	 0.324228 	 0.0989668	 0.35 	 0.106833	 0.442366 	 0.135027
-3032.000 	 0.12472 	 0.0957859	 0.13625 	 0.104641	 0.166505 	 0.127877
-3030.000 	 -0.274714 	 0.0977448	 -0.3075 	 0.10941	 -0.351614 	 0.125106
-3028.000 	 -0.913956 	 0.129861	 -1.065 	 0.151323	 -1.09731 	 0.155914
-3026.000 	 -1.68725 	 0.191093	 -2.06875 	 0.234302	 -1.88449 	 0.213433
-3024.000 	 -2.23416 	 0.23748	 -2.84437 	 0.302342	 -2.37807 	 0.252776
-3022.000 	 -2.61745 	 0.273564	 -3.42437 	 0.3579	 -2.6972 	 0.2819
-3020.000 	 -2.8327 	 0.29421	 -3.76437 	 0.390975	 -2.86767 	 0.297842
-3018.000 	 -2.91017 	 0.30256	 -3.88937 	 0.404364	 -2.92756 	 0.304367
-3016.000 	 -2.86302 	 0.301147	 -3.81312 	 0.401084	 -2.89119 	 0.304111
-3014.000 	 -2.73659 	 0.291335	 -3.61125 	 0.384451	 -2.7923 	 0.297266
-3012.000 	 -2.51746 	 0.272173	 -3.27 	 0.353533	 -2.61593 	 0.282819
-3010.000 	 -2.32902 	 0.257975	 -2.985 	 0.330635	 -2.45899 	 0.272372
-3008.000 	 -2.20268 	 0.251568	 -2.79813 	 0.319573	 -2.35092 	 0.268498
-3006.000 	 -2.08925 	 0.246423	 -2.63312 	 0.310573	 -2.25186 	 0.265603
-3004.000 	 -1.87965 	 0.236566	 -2.335 	 0.293874	 -2.06359 	 0.259716
-3002.000 	 -1.61875 	 0.224587	 -1.97562 	 0.2741	 -1.81922 	 0.252401
-3000.000 	 -1.1593 	 0.170762	 -1.3725 	 0.202166	 -1.35955 	 0.200259
-2998.000 	 -0.567475 	 0.0932686	 -0.646875 	 0.106318	 -0.704999 	 0.115872
-2996.000 	 -0.18361 	 0.083462	 -0.204375 	 0.0929009	 -0.237241 	 0.10784
-2994.000 	 -0.272518 	 0.085701	 -0.305 	 0.095916	 -0.348882 	 0.109716
-2992.000 	 -0.24446 	 0.0865937	 -0.273125 	 0.0967478	 -0.313871 	 0.111181
-2990.000 	 -0.0413469 	 0.0884543	 -0.045625 	 0.0976067	 -0.0542286 	 0.116013
-2988.000 	 0.288293 	 0.0971057	 0.311875 	 0.105049	 0.391787 	 0.131965
-2986.000 	 0.48154 	 0.108827	 0.515 	 0.116389	 0.668582 	 0.151098
-2984.000 	 -0.255474 	 0.101922	 -0.285625 	 0.11395	 -0.32764 	 0.130712
-2982.000 	 -1.60719 	 0.186212	 -1.96 	 0.227089	 -1.80813 	 0.209493
-2980.000 	 -2.31897 	 0.247546	 -2.97 	 0.317043	 -2.45048 	 0.261584
-2978.000 	 -2.41353 	 0.257056	 -3.11187 	 0.331433	 -2.53 	 0.26946
-2976.000 	 -2.31477 	 0.248736	 -2.96375 	 0.318473	 -2.44692 	 0.262936
-2974.000 	 -1.89835 	 0.21204	 -2.36125 	 0.263745	 -2.08067 	 0.232405
-2972.000 	 -1.31333 	 0.163548	 -1.57062 	 0.19559	 -1.51804 	 0.189042
-2970.000 	 -1.18576 	 0.154858	 -1.40625 	 0.183654	 -1.3871 	 0.181154
-2968.000 	 -1.13472 	 0.149471	 -1.34125 	 0.176676	 -1.33383 	 0.175698
-2966.000 	 -0.442619 	 0.105848	 -0.500625 	 0.11972	 -0.556858 	 0.133167
-2964.000 	 0.148966 	 0.104768	 0.1625 	 0.114286	 0.199395 	 0.140234
-2962.000 	 0.402518 	 0.100599	 0.4325 	 0.108092	 0.553959 	 0.138448
-2960.000 	 0.230298 	 0.0941168	 0.25 	 0.102168	 0.310993 	 0.127095
-2958.000 	 -0.129013 	 0.089665	 -0.143125 	 0.0994726	 -0.167652 	 0.116519
-2956.000 	 -0.242255 	 0.0913875	 -0.270625 	 0.10209	 -0.311112 	 0.117363
-2954.000 	 0.981834 	 0.130542	 1.02 	 0.135617	 1.44419 	 0.192016
-2952.000 	 1.91445 	 0.219987	 1.88812 	 0.216962	 3.1667 	 0.363881
-2950.000 	 1.40221 	 0.169822	 1.4225 	 0.17228	 2.17089 	 0.262918
-2948.000 	 0.797044 	 0.119023	 0.836875 	 0.124971	 1.14721 	 0.171313
-2946.000 	 1.08377 	 0.135354	 1.11937 	 0.1398	 1.61367 	 0.201533
-2944.000 	 1.5308 	 0.170913	 1.54187 	 0.17215	 2.40869 	 0.268929
-2942.000 	 0.893679 	 0.11694	 0.933125 	 0.122102	 1.3009 	 0.170226
-2940.000 	 -0.12454 	 0.0731993	 -0.138125 	 0.0811837	 -0.161915 	 0.0951664
-2938.000 	 -0.932679 	 0.115921	 -1.08813 	 0.135241	 -1.11777 	 0.138925
-2936.000 	 -1.66066 	 0.181618	 -2.0325 	 0.222285	 -1.85925 	 0.203338
-2934.000 	 -2.5252 	 0.261034	 -3.28187 	 0.339253	 -2.62227 	 0.271068
-2932.000 	 -2.78305 	 0.285666	 -3.685 	 0.378247	 -2.82888 	 0.29037
-2930.000 	 -2.28702 	 0.239884	 -2.9225 	 0.306539	 -2.42332 	 0.254181
-2928.000 	 -1.91168 	 0.205835	 -2.38 	 0.25626	 -2.09281 	 0.225337
-2926.000 	 -2.37993 	 0.249407	 -3.06125 	 0.320806	 -2.50189 	 0.262187
-2924.000 	 -2.78266 	 0.289671	 -3.68437 	 0.383538	 -2.82857 	 0.294451
-2922.000 	 -2.74015 	 0.284741	 -3.61687 	 0.375846	 -2.79511 	 0.290453
-2920.000 	 -2.45068 	 0.257575	 -3.16812 	 0.332981	 -2.56088 	 0.269158
-2918.000 	 -2.23968 	 0.239172	 -2.8525 	 0.304614	 -2.38281 	 0.254457
-2916.000 	 -2.12984 	 0.230268	 -2.69188 	 0.291032	 -2.28754 	 0.247317
-2914.000 	 -1.67809 	 0.19227	 -2.05625 	 0.235598	 -1.87581 	 0.214924
-2912.000 	 -0.992594 	 0.136836	 -1.1625 	 0.160259	 -1.18271 	 0.163045
-2910.000 	 -0.786257 	 0.103511	 -0.90875 	 0.119637	 -0.955828 	 0.125835
-2908.000 	 -1.0371 	 0.120962	 -1.21812 	 0.142076	 -1.23048 	 0.143517
-2906.000 	 -1.09572 	 0.135852	 -1.29188 	 0.160172	 -1.29277 	 0.160283
-2904.000 	 -0.768729 	 0.11084	 -0.8875 	 0.127965	 -0.936129 	 0.134977
-2902.000 	 -0.410289 	 0.0938789	 -0.463125 	 0.105968	 -0.517884 	 0.118498
-2900.000 	 -0.135718 	 0.0880583	 -0.150625 	 0.0977302	 -0.176241 	 0.114351
-2898.000 	 -0.203574 	 0.0860049	 -0.226875 	 0.0958488	 -0.26249 	 0.110895
-2896.000 	 -0.72162 	 0.109836	 -0.830625 	 0.126427	 -0.882851 	 0.134376
-2894.000 	 -1.46712 	 0.167443	 -1.7725 	 0.202296	 -1.67181 	 0.190805
-2892.000 	 -2.08275 	 0.222801	 -2.62375 	 0.280675	 -2.24613 	 0.240278
-2890.000 	 -2.42883 	 0.257161	 -3.135 	 0.331929	 -2.54274 	 0.269221
-2888.000 	 -2.53334 	 0.267389	 -3.29437 	 0.347715	 -2.62893 	 0.277478
-2886.000 	 -2.45191 	 0.262343	 -3.17 	 0.339175	 -2.56191 	 0.274112
-2884.000 	 -2.37577 	 0.260036	 -3.055 	 0.334379	 -2.4984 	 0.273457
-2882.000 	 -2.31435 	 0.257232	 -2.96312 	 0.32934	 -2.44656 	 0.271926
-2880.000 	 -2.31435 	 0.257232	 -2.96312 	 0.32934	 -2.44656 	 0.271926
-2878.000 	 -1.9885 	 0.227544	 -2.48875 	 0.284787	 -2.16223 	 0.247423
-2876.000 	 -1.00262 	 0.139919	 -1.175 	 0.163975	 -1.19351 	 0.166558
-2874.000 	 -0.36535 	 0.10303	 -0.41125 	 0.115974	 -0.463282 	 0.130647
-2872.000 	 -0.693532 	 0.117337	 -0.796875 	 0.134821	 -0.850847 	 0.143952
-2870.000 	 -1.11105 	 0.144513	 -1.31125 	 0.170553	 -1.30894 	 0.170253
-2868.000 	 -1.31765 	 0.160231	 -1.57625 	 0.191678	 -1.52243 	 0.185133
-2866.000 	 -1.42126 	 0.167413	 -1.71187 	 0.201645	 -1.62642 	 0.191579
-2864.000 	 -1.115 	 0.143627	 -1.31625 	 0.169551	 -1.3131 	 0.169145
-2862.000 	 -0.469998 	 0.105885	 -0.5325 	 0.119966	 -0.589664 	 0.132844
-2860.000 	 -0.513823 	 0.113028	 -0.58375 	 0.128411	 -0.641799 	 0.14118
-2858.000 	 -1.31958 	 0.165592	 -1.57875 	 0.198115	 -1.52438 	 0.191292
-2856.000 	 -2.03709 	 0.224066	 -2.55812 	 0.281377	 -2.20565 	 0.242607
-2854.000 	 -2.15564 	 0.236078	 -2.72937 	 0.298912	 -2.31007 	 0.252991
-2852.000 	 -1.9964 	 0.224218	 -2.5 	 0.280778	 -2.16932 	 0.243638
-2850.000 	 -2.12941 	 0.236699	 -2.69125 	 0.299151	 -2.28716 	 0.254233
-2848.000 	 -2.28365 	 0.251015	 -2.9175 	 0.320687	 -2.42045 	 0.266052
-2846.000 	 -2.07364 	 0.234137	 -2.61062 	 0.294768	 -2.23808 	 0.252704
-2844.000 	 -1.79807 	 0.211469	 -2.22125 	 0.261239	 -1.9884 	 0.233853
-2842.000 	 -1.64641 	 0.200103	 -2.01313 	 0.244673	 -1.84567 	 0.224322
-2840.000 	 -1.282 	 0.172188	 -1.53 	 0.205498	 -1.48617 	 0.199611
-2838.000 	 -0.630754 	 0.12731	 -0.721875 	 0.145702	 -0.778671 	 0.157166
-2836.000 	 -0.0565871 	 0.102296	 -0.0625 	 0.112985	 -0.0740974 	 0.133951
-2834.000 	 0.407882 	 0.100044	 0.438125 	 0.107462	 0.561677 	 0.137766
-2832.000 	 0.396561 	 0.0963419	 0.42625 	 0.103554	 0.5454 	 0.132501
-2830.000 	 0.254853 	 0.091272	 0.27625 	 0.098935	 0.345076 	 0.123584
-2828.000 	 0.244906 	 0.0931711	 0.265625 	 0.101054	 0.331247 	 0.126018
-2826.000 	 0.0993957 	 0.089666	 0.10875 	 0.0981046	 0.132335 	 0.119381
-2824.000 	 -0.578586 	 0.100958	 -0.66 	 0.115164	 -0.718002 	 0.125284
-2822.000 	 -1.40369 	 0.162607	 -1.68875 	 0.195628	 -1.60893 	 0.186381
-2820.000 	 -2.0183 	 0.21701	 -1.5 	 0.161281	 -2.18891 	 0.235353
-2818.000 	 -2.59006 	 0.271061	 -2.00407 	 0.209735	 -2.67508 	 0.279959
-2816.000 	 -3.21183 	 0.331223	 -2.60148 	 0.268281	 -3.15375 	 0.325234
-2814.000 	 -3.5649 	 0.367545	 -2.9663 	 0.305829	 -3.40513 	 0.351073
-2812.000 	 -3.48838 	 0.366909	 -2.88556 	 0.303503	 -3.35182 	 0.352545
-2810.000 	 -3.44339 	 0.373583	 -2.83852 	 0.307959	 -3.32018 	 0.360216
-2808.000 	 -3.60386 	 0.393049	 -3.00778 	 0.328038	 -3.43203 	 0.374309
-2806.000 	 -3.68211 	 0.40178	 -3.09185 	 0.337373	 -3.48558 	 0.380336
-2804.000 	 -3.41417 	 0.378627	 -2.80815 	 0.311419	 -3.29951 	 0.365911
-2802.000 	 -2.53293 	 0.305805	 -1.95185 	 0.23565	 -2.6286 	 0.317355
-2800.000 	 -1.49581 	 0.230048	 -1.07296 	 0.165016	 -1.70002 	 0.261454
-2798.000 	 -1.38418 	 0.200554	 -0.985556 	 0.142797	 -1.58943 	 0.230293
-2796.000 	 -1.16813 	 0.188127	 -0.82 	 0.132061	 -1.36876 	 0.220438
-2794.000 	 -0.675273 	 0.170007	 -0.459259 	 0.115623	 -0.829948 	 0.208948
-2792.000 	 -0.235085 	 0.130315	 -0.155556 	 0.0862295	 -0.302129 	 0.16748
-2790.000 	 -0.127336 	 0.113964	 -0.0837037 	 0.0749135	 -0.165502 	 0.148121
-2788.000 	 -0.246664 	 0.121937	 -0.163333 	 0.0807433	 -0.316629 	 0.156525
-2786.000 	 -0.121184 	 0.105256	 -0.0796296 	 0.0691636	 -0.157607 	 0.136892
-2784.000 	 0.0392727 	 0.0885931	 0.0255556 	 0.0576493	 0.0519518 	 0.117195
-2782.000 	 -0.0661683 	 0.0938306	 -0.0433333 	 0.0614493	 -0.0865557 	 0.122741
-2780.000 	 -0.323434 	 0.105294	 -0.215185 	 0.0700535	 -0.411898 	 0.134093
-2778.000 	 -0.702906 	 0.117848	 -0.478889 	 0.0802897	 -0.861547 	 0.144446
-2776.000 	 -1.10018 	 0.138578	 -0.768889 	 0.0968494	 -1.29747 	 0.16343
-2774.000 	 -1.10512 	 0.140576	 -0.772593 	 0.0982773	 -1.30269 	 0.165708
-2772.000 	 -0.43724 	 0.0994047	 -0.292963 	 0.0666039	 -0.550391 	 0.125129
-2770.000 	 0.213968 	 0.0933639	 0.137778 	 0.0601186	 0.288428 	 0.125854
-2768.000 	 0.123567 	 0.086979	 0.08 	 0.0563119	 0.164946 	 0.116105
-2766.000 	 -0.476962 	 0.093573	 -0.32037 	 0.062852	 -0.597979 	 0.117315
-2764.000 	 -0.748574 	 0.110719	 -0.511481 	 0.0756516	 -0.913395 	 0.135097
-2762.000 	 -0.810424 	 0.115724	 -0.555926 	 0.0793829	 -0.982875 	 0.140349
-2760.000 	 -0.593903 	 0.101778	 -0.401852 	 0.0688662	 -0.735881 	 0.126109
-2758.000 	 -0.2257 	 0.087257	 -0.149259 	 0.0577045	 -0.29035 	 0.112251
-2756.000 	 -0.0791133 	 0.0842887	 -0.0518519 	 0.0552439	 -0.103348 	 0.110109
-2754.000 	 -0.308138 	 0.0885583	 -0.204815 	 0.0588634	 -0.393037 	 0.112958
-2752.000 	 -0.106064 	 0.0847275	 -0.0696296 	 0.0556227	 -0.138161 	 0.110368
-2750.000 	 0.395966 	 0.0941992	 0.252222 	 0.060003	 0.544546 	 0.129546
-2748.000 	 0.546746 	 0.106604	 0.345185 	 0.0673038	 0.764705 	 0.149101
-2746.000 	 0.367435 	 0.0971858	 0.234444 	 0.0620101	 0.503713 	 0.133231
-2744.000 	 0.563734 	 0.107063	 0.355556 	 0.0675264	 0.78998 	 0.150031
-2742.000 	 0.437747 	 0.100394	 0.278148 	 0.0637909	 0.60481 	 0.138708
-2740.000 	 0.098821 	 0.0882374	 0.0640741 	 0.0572118	 0.131562 	 0.117471
-2738.000 	 -0.272518 	 0.08915	 -0.180741 	 0.0591265	 -0.348882 	 0.114131
-2736.000 	 -0.786257 	 0.112579	 -0.538519 	 0.0771066	 -0.955828 	 0.136858
-2734.000 	 -1.72513 	 0.188619	 -1.25667 	 0.137399	 -1.92024 	 0.209952
-2732.000 	 -2.31603 	 0.243647	 -1.75741 	 0.184879	 -2.44799 	 0.257528
-2730.000 	 -2.78815 	 0.290387	 -2.18852 	 0.227935	 -2.83288 	 0.295045
-2728.000 	 -3.29853 	 0.338877	 -2.68926 	 0.276283	 -3.21677 	 0.330478
-2726.000 	 -3.65568 	 0.374361	 -3.06333 	 0.313702	 -3.46756 	 0.355097
-2724.000 	 -3.92084 	 0.400265	 -3.35481 	 0.342481	 -3.64507 	 0.372113
-2722.000 	 -4.02815 	 0.410156	 -3.4763 	 0.353964	 -3.71491 	 0.378261
-2720.000 	 -3.83914 	 0.392691	 -3.2637 	 0.333832	 -3.59114 	 0.367324
-2718.000 	 -3.71696 	 0.385451	 -3.12963 	 0.324544	 -3.50923 	 0.363909
-2716.000 	 -3.69307 	 0.385391	 -3.1037 	 0.323888	 -3.49303 	 0.364516
-2714.000 	 -3.38482 	 0.359519	 -2.77778 	 0.295042	 -3.27865 	 0.348243
-2712.000 	 -2.87155 	 0.313175	 -2.26778 	 0.247327	 -2.89779 	 0.316037
-2710.000 	 -2.72671 	 0.297683	 -2.13074 	 0.232619	 -2.78448 	 0.30399
-2708.000 	 -2.95279 	 0.320804	 -2.34593 	 0.254872	 -2.96018 	 0.321608
-2706.000 	 -2.90516 	 0.32103	 -2.3 	 0.254157	 -2.92371 	 0.323079
-2704.000 	 -2.06104 	 0.31278	 -1.5363 	 0.233146	 -2.22692 	 0.337954
-2702.000 	 -2.11691 	 0.252076	 -1.58407 	 0.188627	 -2.2762 	 0.271043
-2700.000 	 -2.3637 	 0.259872	 -1.79963 	 0.197856	 -2.48825 	 0.273565
-2698.000 	 -2.51379 	 0.278588	 -1.93444 	 0.214383	 -2.61292 	 0.289574
-2696.000 	 -2.34074 	 0.263873	 -1.77926 	 0.200577	 -2.4689 	 0.27832
-2694.000 	 -2.13802 	 0.247682	 -1.60222 	 0.185611	 -2.29469 	 0.265831
-2692.000 	 -2.13329 	 0.24919	 -1.59815 	 0.18668	 -2.29055 	 0.26756
-2690.000 	 -2.57835 	 0.289544	 -1.99333 	 0.223847	 -2.66559 	 0.29934
-2688.000 	 -3.01906 	 0.330524	 -2.41037 	 0.263885	 -3.01047 	 0.329583
-2686.000 	 -2.82023 	 0.315934	 -2.21889 	 0.24857	 -2.85795 	 0.32016
-2684.000 	 -2.04145 	 0.256463	 -1.51963 	 0.190908	 -2.20953 	 0.277579
-2682.000 	 -1.25393 	 0.252624	 -0.885185 	 0.178334	 -1.45747 	 0.293629
-2680.000 	 -0.932679 	 0.169637	 -0.644815 	 0.11728	 -1.11777 	 0.203301
-2678.000 	 -0.577528 	 0.135895	 -0.39037 	 0.0918559	 -0.716766 	 0.168658
-2676.000 	 -0.287333 	 0.133135	 -0.190741 	 0.0883791	 -0.367286 	 0.170181
-2674.000 	 0.0873362 	 0.130441	 0.0566667 	 0.0846344	 0.116128 	 0.173443
-2672.000 	 0.0318592 	 0.140274	 0.0207407 	 0.0913199	 0.0421115 	 0.185414
-2670.000 	 -0.530861 	 0.123793	 -0.357778 	 0.0834311	 -0.661943 	 0.15436
-2668.000 	 -0.871282 	 0.134289	 -0.6 	 0.092477	 -1.05042 	 0.1619
-2666.000 	 -0.858025 	 0.134948	 -0.59037 	 0.0928519	 -1.03578 	 0.162905
-2664.000 	 -0.1027 	 0.107985	 -0.0674074 	 0.0708768	 -0.133827 	 0.140715
-2662.000 	 0.0204668 	 0.108039	 0.0133333 	 0.070383	 0.0270202 	 0.142632
-2660.000 	 -0.363178 	 0.0998544	 -0.242222 	 0.0665981	 -0.46063 	 0.126649
-2658.000 	 -0.787802 	 0.115417	 -0.53963 	 0.0790587	 -0.95756 	 0.140288
-2656.000 	 -1.29358 	 0.152823	 -0.915556 	 0.108163	 -1.49798 	 0.17697
-2654.000 	 -2.10914 	 0.224703	 -1.57741 	 0.168053	 -2.26938 	 0.241774
-2652.000 	 -2.54797 	 0.265442	 -1.96556 	 0.204767	 -2.64087 	 0.275121
-2650.000 	 -3.04931 	 0.31492	 -2.44 	 0.251993	 -3.03325 	 0.313261
-2648.000 	 -3.71049 	 0.382227	 -3.12259 	 0.321666	 -3.50484 	 0.361043
-2646.000 	 -3.98584 	 0.411071	 -3.42815 	 0.353555	 -3.68751 	 0.380303
-2644.000 	 -3.64466 	 0.375685	 -3.05148 	 0.314542	 -3.46003 	 0.356655
-2642.000 	 -2.95662 	 0.312254	 -2.34963 	 0.248149	 -2.9631 	 0.312939
-2640.000 	 -2.15778 	 0.243586	 -1.61926 	 0.182794	 -2.31194 	 0.260989
-2638.000 	 -1.68679 	 0.254176	 -1.22556 	 0.184675	 -1.88406 	 0.283902
-2636.000 	 -1.62752 	 0.216681	 -1.17778 	 0.156805	 -1.82762 	 0.243322
-2634.000 	 -1.41177 	 0.194797	 -1.00704 	 0.138952	 -1.61698 	 0.223111
-2632.000 	 -0.80683 	 0.180992	 -0.553333 	 0.124127	 -0.97886 	 0.219583
-2630.000 	 -0.295004 	 0.124286	 -0.195926 	 0.0825441	 -0.376794 	 0.158744
-2628.000 	 -0.307045 	 0.117484	 -0.204074 	 0.0780843	 -0.391686 	 0.14987
-2626.000 	 -0.753229 	 0.133992	 -0.514815 	 0.0915806	 -0.918654 	 0.16342
-2624.000 	 -0.843724 	 0.130589	 -0.58 	 0.0897707	 -1.01994 	 0.157863
-2622.000 	 -0.937227 	 0.12992	 -0.648148 	 0.0898475	 -1.12272 	 0.155634
-2620.000 	 -1.49018 	 0.173227	 -1.06852 	 0.124211	 -1.69449 	 0.196978
-2618.000 	 -2.22312 	 0.236969	 -1.67593 	 0.178642	 -2.36856 	 0.252472
-2616.000 	 -2.6086 	 0.271842	 -2.02111 	 0.210619	 -2.69007 	 0.280331
-2614.000 	 -3.0016 	 0.309964	 -2.39333 	 0.24715	 -2.99728 	 0.309517
-2612.000 	 -3.40953 	 0.351313	 -2.80333 	 0.288851	 -3.29622 	 0.339637
-2610.000 	 -3.81268 	 0.391782	 -3.23444 	 0.332364	 -3.57352 	 0.367207
-2608.000 	 -4.11608 	 0.421728	 -3.57741 	 0.366536	 -3.77131 	 0.386404
-2606.000 	 -4.08659 	 0.420403	 -3.54333 	 0.364516	 -3.75248 	 0.386031
-2604.000 	 -3.84215 	 0.401556	 -3.26704 	 0.341449	 -3.59313 	 0.375531
-2602.000 	 -3.83413 	 0.403777	 -3.25815 	 0.34312	 -3.5878 	 0.377837
-2600.000 	 -3.56106 	 0.381759	 -2.96222 	 0.317561	 -3.40247 	 0.364758
-2598.000 	 -2.60095 	 0.301423	 -2.01407 	 0.23341	 -2.68389 	 0.311034
-2596.000 	 -1.4944 	 0.223561	 -1.07185 	 0.160348	 -1.69864 	 0.254115
-2594.000 	 -1.61274 	 0.197048	 -1.16593 	 0.142455	 -1.81346 	 0.221573
-2592.000 	 -1.4279 	 0.173642	 -1.01963 	 0.123994	 -1.63301 	 0.198586
-2590.000 	 -1.09374 	 0.15721	 -0.764074 	 0.109825	 -1.29068 	 0.185517
-2588.000 	 -0.351221 	 0.124537	 -0.234074 	 0.0829987	 -0.446011 	 0.158148
-2586.000 	 0.202905 	 0.1329	 0.130741 	 0.0856336	 0.273186 	 0.178934
-2584.000 	 -0.131808 	 0.129383	 -0.0866667 	 0.0850722	 -0.171233 	 0.168083
-2582.000 	 -0.48285 	 0.132061	 -0.324444 	 0.0887366	 -0.605 	 0.165469
-2580.000 	 -0.735627 	 0.135839	 -0.502222 	 0.0927389	 -0.898743 	 0.165959
-2578.000 	 -1.25248 	 0.15943	 -0.884074 	 0.112535	 -1.45597 	 0.185333
-2576.000 	 -1.94843 	 0.217829	 -1.44111 	 0.161113	 -2.12613 	 0.237697
-2574.000 	 -2.26423 	 0.245276	 -1.71185 	 0.185439	 -2.40386 	 0.260402
-2572.000 	 -2.36245 	 0.254854	 -1.79852 	 0.194019	 -2.4872 	 0.268312
-2570.000 	 -2.47287 	 0.26884	 -1.89741 	 0.206278	 -2.57925 	 0.280404
-2568.000 	 -2.74528 	 0.292536	 -2.14815 	 0.228906	 -2.79916 	 0.298278
-2566.000 	 -2.9482 	 0.310439	 -2.34148 	 0.246553	 -2.95668 	 0.311332
-2564.000 	 -2.30217 	 0.254697	 -1.74519 	 0.193076	 -2.43622 	 0.269527
-2562.000 	 -1.45013 	 0.187829	 -1.03704 	 0.134323	 -1.65504 	 0.21437
-2560.000 	 -1.282 	 0.177167	 -0.906667 	 0.125298	 -1.48617 	 0.205383
-2558.000 	 -1.59932 	 0.200866	 -1.15519 	 0.145084	 -1.80057 	 0.22614
-2556.000 	 -1.60719 	 0.203323	 -1.16148 	 0.146937	 -1.80813 	 0.228743
-2554.000 	 -1.15783 	 0.16419	 -0.812222 	 0.11518	 -1.35801 	 0.192578
-2552.000 	 -0.528201 	 0.116784	 -0.355926 	 0.0786943	 -0.658803 	 0.14566
-2550.000 	 -0.117826 	 0.0965612	 -0.0774074 	 0.063437	 -0.153294 	 0.125628
-2548.000 	 -0.205236 	 0.0917648	 -0.135556 	 0.0606094	 -0.264586 	 0.118301
-2546.000 	 -0.669526 	 0.110126	 -0.455185 	 0.0748704	 -0.823353 	 0.135428
-2544.000 	 -1.39133 	 0.162507	 -0.991111 	 0.115762	 -1.59658 	 0.186481
-2542.000 	 -2.47533 	 0.260101	 -1.89963 	 0.199608	 -2.58128 	 0.271233
-2540.000 	 -3.46256 	 0.356487	 -2.85852 	 0.294298	 -3.33369 	 0.343219
-2538.000 	 -3.91127 	 0.401226	 -3.34407 	 0.343042	 -3.63878 	 0.373274
-2536.000 	 -3.7915 	 0.390898	 -3.21111 	 0.331061	 -3.55938 	 0.366967
-2534.000 	 -4.01939 	 0.414001	 -3.4663 	 0.357032	 -3.70925 	 0.382057
-2532.000 	 -4.21318 	 0.434067	 -3.69074 	 0.380243	 -3.83275 	 0.394873
-2530.000 	 -4.24364 	 0.442524	 -3.72667 	 0.388614	 -3.85184 	 0.401668
-2528.000 	 -4.42267 	 0.462614	 -3.94148 	 0.412281	 -3.96236 	 0.414466
-2526.000 	 -4.68453 	 0.493656	 -4.26741 	 0.449699	 -4.11896 	 0.434056
-2524.000 	 -4.47054 	 0.484867	 -4 	 0.433834	 -3.99143 	 0.432904
-2522.000 	 -4.29169 	 0.477629	 -3.7837 	 0.421095	 -3.88179 	 0.432011
-2520.000 	 -4.31031 	 0.480546	 -3.80593 	 0.424313	 -3.89334 	 0.434059
-2518.000 	 -4.06599 	 0.44979	 -3.51963 	 0.389351	 -3.73927 	 0.413648
-2516.000 	 -3.2661 	 0.368879	 -2.6563 	 0.300006	 -3.1933 	 0.360657
-2514.000 	 -2.47246 	 0.307286	 -1.89704 	 0.23577	 -2.57891 	 0.320515
-2512.000 	 -2.40649 	 0.301205	 -1.83778 	 0.230023	 -2.52412 	 0.315928
-2510.000 	 -2.11907 	 0.25238	 -1.58593 	 0.188883	 -2.27809 	 0.27132
-2508.000 	 -1.59608 	 0.192549	 -1.15259 	 0.139047	 -1.79745 	 0.216841
-2506.000 	 -1.64088 	 0.188516	 -1.18852 	 0.136545	 -1.8404 	 0.211438
-2504.000 	 -1.48783 	 0.181583	 -1.06667 	 0.130182	 -1.69219 	 0.206524
-2502.000 	 -0.574355 	 0.125692	 -0.388148 	 0.0849425	 -0.713054 	 0.156045
-2500.000 	 -0.528201 	 0.112637	 -0.355926 	 0.0758999	 -0.658803 	 0.140487
-2498.000 	 -1.74786 	 0.19854	 -1.27519 	 0.144849	 -1.94158 	 0.220545
-2496.000 	 -2.95815 	 0.309525	 -2.35111 	 0.246008	 -2.96427 	 0.310166
-2494.000 	 -3.34236 	 0.347746	 -2.73407 	 0.284459	 -3.24831 	 0.337961
-2492.000 	 -3.72684 	 0.38405	 -3.14037 	 0.323615	 -3.51591 	 0.362313
-2490.000 	 -4.46299 	 0.455016	 -3.99074 	 0.406869	 -3.98686 	 0.406473
-2488.000 	 -4.916 	 0.505008	 -4.56778 	 0.469236	 -4.25261 	 0.436859
-2486.000 	 -4.53865 	 0.475745	 -4.08407 	 0.428096	 -4.03244 	 0.422684
-2484.000 	 -3.70742 	 0.406101	 -3.11926 	 0.341676	 -3.50276 	 0.383684
-2482.000 	 -2.97152 	 0.340926	 -2.36407 	 0.271234	 -2.97445 	 0.341263
-2480.000 	 -2.35035 	 0.289038	 -1.78778 	 0.219855	 -2.47701 	 0.304614
-2478.000 	 -2.20268 	 0.28234	 -1.65815 	 0.212541	 -2.35092 	 0.301341
-2476.000 	 -2.28744 	 0.257776	 -1.73222 	 0.195207	 -2.42368 	 0.273129
-2474.000 	 -1.41177 	 0.180788	 -1.00704 	 0.128959	 -1.61698 	 0.207067
-2472.000 	 -0.866186 	 0.127144	 -0.596296 	 0.0875282	 -1.0448 	 0.153362
-2470.000 	 -0.601287 	 0.124138	 -0.407037 	 0.0840343	 -0.74448 	 0.153701
-2468.000 	 -0.500487 	 0.120457	 -0.336667 	 0.0810289	 -0.625983 	 0.150661
-2466.000 	 -0.431318 	 0.104434	 -0.288889 	 0.0699481	 -0.543264 	 0.131539
-2464.000 	 -0.331617 	 0.11932	 -0.220741 	 0.0794254	 -0.421964 	 0.151828
-2462.000 	 -0.894172 	 0.144768	 -0.616667 	 0.0998395	 -1.07562 	 0.174146
-2460.000 	 -1.53188 	 0.185909	 -1.10148 	 0.133676	 -1.73527 	 0.210593
-2458.000 	 -1.86671 	 0.212949	 -1.37296 	 0.156624	 -2.05174 	 0.234056
-2456.000 	 -2.14189 	 0.239085	 -1.60556 	 0.179218	 -2.29808 	 0.256519
-2454.000 	 -3.02171 	 0.319458	 -2.41296 	 0.2551	 -3.01247 	 0.318481
-2452.000 	 -3.6481 	 0.378964	 -3.05519 	 0.317372	 -3.46239 	 0.359672
-2450.000 	 -3.94258 	 0.40778	 -3.37926 	 0.349516	 -3.65931 	 0.378481
-2448.000 	 -4.15847 	 0.428004	 -3.62667 	 0.373269	 -3.79824 	 0.390928
-2446.000 	 -4.3603 	 0.449505	 -3.86593 	 0.39854	 -3.92419 	 0.404546
-2444.000 	 -4.30969 	 0.450464	 -3.80519 	 0.397731	 -3.89295 	 0.406905
-2442.000 	 -4.25772 	 0.451904	 -3.74333 	 0.397308	 -3.86064 	 0.409759
-2440.000 	 -4.40012 	 0.469598	 -3.91407 	 0.417725	 -3.9486 	 0.42141
-2438.000 	 -4.53328 	 0.485051	 -4.07741 	 0.436274	 -4.02922 	 0.431118
-2436.000 	 -4.50934 	 0.489249	 -4.04778 	 0.439171	 -4.01484 	 0.435598
-2434.000 	 -4.40073 	 0.484188	 -3.91481 	 0.430726	 -3.94897 	 0.434484
-2432.000 	 -3.93172 	 0.441521	 -3.36704 	 0.378109	 -3.6522 	 0.410132
-2430.000 	 -2.81046 	 0.335382	 -2.20963 	 0.263683	 -2.85033 	 0.34014
-2428.000 	 -1.84659 	 0.257009	 -1.3563 	 0.18877	 -2.03325 	 0.282989
-2426.000 	 -2.02049 	 0.231798	 -1.50185 	 0.172298	 -2.19086 	 0.251343
-2424.000 	 -1.71648 	 0.201377	 -1.24963 	 0.146607	 -1.9121 	 0.224328
-2422.000 	 -1.40084 	 0.16547	 -0.998519 	 0.117947	 -1.60608 	 0.189713
-2420.000 	 -0.904831 	 0.132164	 -0.624444 	 0.0912091	 -1.08732 	 0.158819
-2418.000 	 -0.693532 	 0.139491	 -0.472222 	 0.0949785	 -0.850847 	 0.171132
-2416.000 	 -1.06597 	 0.156603	 -0.743333 	 0.109204	 -1.26124 	 0.18529
-2414.000 	 -1.17205 	 0.164379	 -0.822963 	 0.11542	 -1.37284 	 0.19254
-2412.000 	 -0.899757 	 0.15278	 -0.620741 	 0.105403	 -1.08176 	 0.183684
-2410.000 	 -0.92054 	 0.154311	 -0.635926 	 0.106601	 -1.10451 	 0.185151
-2408.000 	 -1.78001 	 0.215128	 -1.30148 	 0.157294	 -1.97161 	 0.238284
-2406.000 	 -2.98524 	 0.317031	 -2.37741 	 0.252479	 -2.98488 	 0.316992
-2404.000 	 -3.3116 	 0.34479	 -2.70259 	 0.281383	 -3.2262 	 0.335899
-2402.000 	 -2.58441 	 0.282166	 -1.99889 	 0.218238	 -2.6705 	 0.291565
-2400.000 	 -1.73105 	 0.213534	 -1.26148 	 0.15561	 -1.92581 	 0.237558
-2398.000 	 -1.42268 	 0.189409	 -1.01556 	 0.135206	 -1.62783 	 0.216722
-2396.000 	 -1.55287 	 0.18975	 -1.11815 	 0.13663	 -1.75568 	 0.214532
-2394.000 	 -2.05756 	 0.239721	 -1.53333 	 0.178645	 -2.22384 	 0.259094
-2392.000 	 -2.42594 	 0.273105	 -1.85519 	 0.208851	 -2.54033 	 0.285983
-2390.000 	 -2.22779 	 0.25402	 -1.68 	 0.191559	 -2.37259 	 0.27053
-2388.000 	 -1.53935 	 0.199339	 -1.10741 	 0.143404	 -1.74254 	 0.225651
-2386.000 	 -0.816583 	 0.156331	 -0.56037 	 0.10728	 -0.989747 	 0.189482
-2384.000 	 -0.278557 	 0.146418	 -0.184815 	 0.0971446	 -0.356391 	 0.18733
-2382.000 	 -0.564828 	 0.160777	 -0.381481 	 0.108588	 -0.701896 	 0.199794
-2380.000 	 -1.10808 	 0.187689	 -0.774815 	 0.131239	 -1.30582 	 0.221181
-2378.000 	 -1.41747 	 0.205061	 -1.01148 	 0.146329	 -1.62265 	 0.234744
-2376.000 	 -1.60442 	 0.21716	 -1.15926 	 0.156907	 -1.80546 	 0.244372
-2374.000 	 -2.48025 	 0.283121	 -1.90407 	 0.21735	 -2.58534 	 0.295117
-2372.000 	 -3.30761 	 0.356335	 -2.69852 	 0.290716	 -3.22332 	 0.347255
-2370.000 	 -3.40774 	 0.367435	 -2.80148 	 0.302066	 -3.29495 	 0.355273
-2368.000 	 -3.35426 	 0.364882	 -2.7463 	 0.298746	 -3.25684 	 0.354284
-2366.000 	 -3.74858 	 0.401145	 -3.16407 	 0.338596	 -3.53057 	 0.377816
-2364.000 	 -3.8788 	 0.413587	 -3.30778 	 0.3527	 -3.6174 	 0.385714
-2362.000 	 -3.80529 	 0.406074	 -3.2263 	 0.344288	 -3.56859 	 0.380816
-2360.000 	 -4.01711 	 0.421548	 -3.4637 	 0.363474	 -3.70778 	 0.389087
-2358.000 	 -4.04111 	 0.423826	 -3.49111 	 0.366142	 -3.72327 	 0.390491
-2356.000 	 -3.34019 	 0.360761	 -2.73185 	 0.295056	 -3.24676 	 0.350669
-2354.000 	 -2.62909 	 0.29668	 -2.04 	 0.230204	 -2.70658 	 0.305424
-2352.000 	 -2.17877 	 0.253013	 -1.63741 	 0.190146	 -2.3302 	 0.270597
-2350.000 	 -1.57706 	 0.209653	 -1.13741 	 0.151205	 -1.7791 	 0.236512
-2348.000 	 -0.660635 	 0.130514	 -0.448889 	 0.0886816	 -0.813138 	 0.160642
-2346.000 	 -0.629703 	 0.144186	 -0.427037 	 0.0977808	 -0.777455 	 0.178018
-2344.000 	 -1.04856 	 0.166197	 -0.73037 	 0.115763	 -1.24271 	 0.196969
-2342.000 	 -0.525009 	 0.139196	 -0.353704 	 0.093778	 -0.655031 	 0.173669
-2340.000 	 -0.165823 	 0.135085	 -0.109259 	 0.0890065	 -0.214656 	 0.174866
-2338.000 	 -0.689362 	 0.155656	 -0.469259 	 0.105958	 -0.846081 	 0.191043
-2336.000 	 -1.54821 	 0.200629	 -1.11444 	 0.144418	 -1.75116 	 0.226929
-2334.000 	 -2.30931 	 0.253982	 -1.75148 	 0.192631	 -2.44229 	 0.268606
-2332.000 	 -2.95776 	 0.31436	 -2.35074 	 0.249844	 -2.96398 	 0.31502
-2330.000 	 -3.23829 	 0.345514	 -2.62815 	 0.280414	 -3.17307 	 0.338556
-2328.000 	 -3.09668 	 0.336054	 -2.48667 	 0.269854	 -3.0687 	 0.333016
-2326.000 	 -2.6707 	 0.29932	 -2.07852 	 0.232951	 -2.73994 	 0.307081
-2324.000 	 -2.67349 	 0.299664	 -2.08111 	 0.233266	 -2.74217 	 0.307363
-2322.000 	 -3.30725 	 0.355381	 -2.69815 	 0.28993	 -3.22306 	 0.346335
-2320.000 	 -3.69956 	 0.402334	 -3.11074 	 0.338299	 -3.49744 	 0.380353
-2318.000 	 -3.57919 	 0.410154	 -2.98148 	 0.34166	 -3.41502 	 0.391341
-2316.000 	 -3.27158 	 0.363097	 -2.66185 	 0.295426	 -3.19728 	 0.35485
-2314.000 	 -3.00084 	 0.339979	 -2.39259 	 0.271068	 -2.9967 	 0.33951
-2312.000 	 -2.66192 	 0.309236	 -2.07037 	 0.240516	 -2.73292 	 0.317485
-2310.000 	 -2.06104 	 0.280694	 -1.5363 	 0.209229	 -2.22692 	 0.303285
-2308.000 	 -1.55381 	 0.231253	 -1.11889 	 0.166524	 -1.75659 	 0.261433
-2306.000 	 -1.08185 	 0.157988	 -0.755185 	 0.110283	 -1.27809 	 0.186647
-2304.000 	 -0.922058 	 0.186312	 -0.637037 	 0.128721	 -1.10617 	 0.223515
-2302.000 	 -0.836564 	 0.15724	 -0.574815 	 0.108042	 -1.01199 	 0.190212
-2300.000 	 -0.579114 	 0.152757	 -0.391481 	 0.103264	 -0.71862 	 0.189556
-2298.000 	 -0.752195 	 0.151657	 -0.514074 	 0.103647	 -0.917486 	 0.184983
-2296.000 	 -1.56405 	 0.199037	 -1.12704 	 0.143424	 -1.76652 	 0.224803
-2294.000 	 -2.13759 	 0.246162	 -1.60185 	 0.184467	 -2.29432 	 0.264211
-2292.000 	 -2.70055 	 0.294616	 -2.1063 	 0.229786	 -2.76373 	 0.301509
-2290.000 	 -3.21035 	 0.344209	 -2.6 	 0.278768	 -3.15267 	 0.338024
-2288.000 	 -3.48132 	 0.369889	 -2.87815 	 0.305802	 -3.34687 	 0.355604
-2286.000 	 -3.59136 	 0.382755	 -2.99444 	 0.319137	 -3.42342 	 0.364856
-2284.000 	 -3.96589 	 0.417905	 -3.40556 	 0.35886	 -3.67453 	 0.387203
-2282.000 	 -3.96458 	 0.418886	 -3.40407 	 0.359665	 -3.67367 	 0.38815
-2280.000 	 -3.61841 	 0.389465	 -3.02333 	 0.325414	 -3.44204 	 0.370482
-2278.000 	 -3.40309 	 0.372939	 -2.79667 	 0.306482	 -3.29165 	 0.360726
-2276.000 	 -3.29162 	 0.364997	 -2.68222 	 0.297423	 -3.21178 	 0.356144
-2274.000 	 -2.28997 	 0.286327	 -1.73444 	 0.216867	 -2.42583 	 0.303315
-2272.000 	 -1.49769 	 0.232514	 -1.07444 	 0.166806	 -1.70186 	 0.264212
-2270.000 	 -1.33254 	 0.214485	 -0.945556 	 0.152196	 -1.5375 	 0.247474
-2268.000 	 -1.16813 	 0.202065	 -0.82 	 0.141845	 -1.36876 	 0.23677
-2266.000 	 -1.29888 	 0.195376	 -0.91963 	 0.138329	 -1.50337 	 0.226135
-2264.000 	 -1.27668 	 0.186495	 -0.902593 	 0.131849	 -1.48075 	 0.216304
-2262.000 	 -0.64964 	 0.148345	 -0.441111 	 0.100728	 -0.800479 	 0.18279
-2260.000 	 -0.520749 	 0.152419	 -0.350741 	 0.102659	 -0.649996 	 0.190249
-2258.000 	 -1.16813 	 0.167868	 -0.82 	 0.11784	 -1.36876 	 0.1967
-2256.000 	 -1.6877 	 0.200953	 -1.2263 	 0.146014	 -1.88492 	 0.224436
-2254.000 	 -2.03578 	 0.231396	 -1.51481 	 0.172181	 -2.20449 	 0.250573
-2252.000 	 -2.63832 	 0.282293	 -2.04852 	 0.219186	 -2.714 	 0.29039
-2250.000 	 -3.28944 	 0.343157	 -2.68 	 0.27958	 -3.21021 	 0.334891
-2248.000 	 -3.70673 	 0.389063	 -3.11852 	 0.327324	 -3.5023 	 0.367606
-2246.000 	 -3.84148 	 0.408285	 -3.2663 	 0.347153	 -3.59269 	 0.381843
-2244.000 	 -3.97375 	 0.412759	 -3.41444 	 0.354663	 -3.67964 	 0.38221
-2242.000 	 -4.24395 	 0.43957	 -3.72704 	 0.38603	 -3.85204 	 0.398978
-2240.000 	 -4.06986 	 0.42824	 -3.52407 	 0.370812	 -3.74176 	 0.393717
-2238.000 	 -3.13479 	 0.345144	 -2.52444 	 0.277944	 -3.09702 	 0.340985
-2236.000 	 -1.85465 	 0.235044	 -1.36296 	 0.172732	 -2.04066 	 0.258618
-2234.000 	 -1.74377 	 0.224516	 -1.27185 	 0.163755	 -1.93775 	 0.249491
-2232.000 	 -1.62059 	 0.203229	 -1.17222 	 0.147001	 -1.82099 	 0.22836
-2230.000 	 -1.4279 	 0.189602	 -1.01963 	 0.135391	 -1.63301 	 0.216838
-2228.000 	 -1.33734 	 0.173223	 -0.949259 	 0.122956	 -1.54234 	 0.199776
-2226.000 	 -1.26943 	 0.169222	 -0.897037 	 0.11958	 -1.47334 	 0.196404
-2224.000 	 -1.61089 	 0.198839	 -1.16444 	 0.143732	 -1.81168 	 0.223624
-2222.000 	 -2.32693 	 0.254929	 -1.76704 	 0.19359	 -2.45722 	 0.269203
-2220.000 	 -2.99742 	 0.315368	 -2.38926 	 0.251382	 -2.99411 	 0.31502
-2218.000 	 -3.10642 	 0.32476	 -2.4963 	 0.260975	 -3.07595 	 0.321574
-2216.000 	 -2.86767 	 0.303832	 -2.26407 	 0.23988	 -2.89479 	 0.306705
-2214.000 	 -2.36662 	 0.257953	 -1.80222 	 0.196436	 -2.4907 	 0.271478
-2212.000 	 -2.24688 	 0.248727	 -1.69667 	 0.187819	 -2.389 	 0.264459
-2210.000 	 -2.63431 	 0.296788	 -2.04481 	 0.230374	 -2.71078 	 0.305403
-2208.000 	 -3.05007 	 0.334267	 -2.44074 	 0.267489	 -3.03382 	 0.332486
-2206.000 	 -3.37477 	 0.360394	 -2.76741 	 0.295533	 -3.27149 	 0.349365
-2204.000 	 -3.74247 	 0.390069	 -3.15741 	 0.32909	 -3.52646 	 0.367555
-2202.000 	 -3.84683 	 0.400567	 -3.27222 	 0.340734	 -3.59624 	 0.374473
-2200.000 	 -3.72275 	 0.389691	 -3.13593 	 0.328263	 -3.51315 	 0.36775
-2198.000 	 -3.44623 	 0.365491	 -2.84148 	 0.301354	 -3.32218 	 0.352335
-2196.000 	 -3.05195 	 0.329694	 -2.44259 	 0.263867	 -3.03523 	 0.327888
-2194.000 	 -2.54553 	 0.284481	 -1.96333 	 0.219416	 -2.63889 	 0.294914
-2192.000 	 -2.04581 	 0.244723	 -1.52333 	 0.182224	 -2.21341 	 0.264771
-2190.000 	 -1.72968 	 0.255138	 -1.26037 	 0.185912	 -1.92452 	 0.283878
-2188.000 	 -1.16813 	 0.156888	 -0.82 	 0.110132	 -1.36876 	 0.183834
-2186.000 	 -1.13078 	 0.156477	 -0.791852 	 0.109576	 -1.32969 	 0.184002
-2184.000 	 -1.3818 	 0.182619	 -0.983704 	 0.130007	 -1.58705 	 0.209745
-2182.000 	 -1.21943 	 0.172677	 -0.858889 	 0.121622	 -1.42197 	 0.201358
-2180.000 	 -1.35649 	 0.183628	 -0.964074 	 0.130506	 -1.56165 	 0.211399
-2178.000 	 -1.96166 	 0.231047	 -1.45222 	 0.171045	 -2.13808 	 0.251826
-2176.000 	 -2.57754 	 0.283123	 -1.99259 	 0.218871	 -2.66493 	 0.292722
-2174.000 	 -2.97724 	 0.318064	 -2.36963 	 0.253151	 -2.9788 	 0.31823
-2172.000 	 -3.19339 	 0.339547	 -2.58296 	 0.274642	 -3.14023 	 0.333895
-2170.000 	 -3.34561 	 0.356108	 -2.73741 	 0.291371	 -3.25064 	 0.345999
-2168.000 	 -3.58476 	 0.382934	 -2.98741 	 0.319124	 -3.41886 	 0.365213
-2166.000 	 -3.97702 	 0.41792	 -3.41815 	 0.359192	 -3.68177 	 0.386895
-2164.000 	 -4.27519 	 0.447398	 -3.76407 	 0.393909	 -3.87153 	 0.405155
-2162.000 	 -4.69936 	 0.489568	 -4.2863 	 0.446536	 -4.12765 	 0.430009
-2160.000 	 -4.89273 	 0.514634	 -4.53704 	 0.477221	 -4.23936 	 0.445911
-2158.000 	 -4.79756 	 0.506913	 -4.41259 	 0.466237	 -4.18476 	 0.442164
-2156.000 	 -4.73237 	 0.503281	 -4.32852 	 0.460332	 -4.14694 	 0.441021
-2154.000 	 -4.75255 	 0.506602	 -4.35444 	 0.464165	 -4.15868 	 0.443298
-2152.000 	 -4.42419 	 0.480799	 -3.94333 	 0.428542	 -3.96329 	 0.430711
-2150.000 	 -3.90631 	 0.445759	 -3.33852 	 0.380967	 -3.63552 	 0.414859
-2148.000 	 -3.14782 	 0.363929	 -2.53741 	 0.293358	 -3.10666 	 0.359171
-2146.000 	 -2.08795 	 0.245403	 -1.55926 	 0.183264	 -2.25071 	 0.264533
-2144.000 	 -1.76554 	 0.205916	 -1.28963 	 0.150411	 -1.95811 	 0.228376
-2142.000 	 -0.813504 	 0.123852	 -0.558148 	 0.0849752	 -0.986313 	 0.150161
-2140.000 	 -0.528201 	 0.0969907	 -0.355926 	 0.0653567	 -0.658803 	 0.120972
-2138.000 	 -0.726292 	 0.117433	 -0.495556 	 0.0801255	 -0.888156 	 0.143604
-2136.000 	 -0.908381 	 0.142034	 -0.627037 	 0.0980431	 -1.09121 	 0.170621
-2134.000 	 -0.742362 	 0.128755	 -0.507037 	 0.0879406	 -0.90637 	 0.157201
-2132.000 	 -0.848324 	 0.13839	 -0.583333 	 0.0951609	 -1.02504 	 0.167217
-2130.000 	 -1.43642 	 0.180702	 -1.0263 	 0.129108	 -1.64147 	 0.206497
-2128.000 	 -2.06712 	 0.230099	 -1.54148 	 0.171588	 -2.23231 	 0.248487
-2126.000 	 -2.58845 	 0.277337	 -2.00259 	 0.214566	 -2.67377 	 0.286479
-2124.000 	 -3.09931 	 0.326984	 -2.48926 	 0.262622	 -3.07065 	 0.32396
-2122.000 	 -3.39987 	 0.364013	 -2.79333 	 0.299073	 -3.28936 	 0.352181
-2120.000 	 -3.50214 	 0.378671	 -2.9 	 0.313565	 -3.36145 	 0.363459
-2118.000 	 -3.20888 	 0.355394	 -2.59852 	 0.287794	 -3.15159 	 0.349049
-2116.000 	 -2.54513 	 0.304341	 -1.96296 	 0.234727	 -2.63856 	 0.315513
-2114.000 	 -2.04232 	 0.241485	 -1.52037 	 0.179769	 -2.21031 	 0.261348
-2112.000 	 -2.08708 	 0.242384	 -1.55852 	 0.180999	 -2.24995 	 0.261299
-2110.000 	 -2.42883 	 0.27947	 -1.85778 	 0.213763	 -2.54274 	 0.292577
-2108.000 	 -2.78344 	 0.315789	 -2.18407 	 0.247789	 -2.82919 	 0.320979
-2106.000 	 -3.03798 	 0.343057	 -2.42889 	 0.274277	 -3.02473 	 0.341561
-2104.000 	 -2.76222 	 0.32223	 -2.16407 	 0.252452	 -2.81252 	 0.328097
-2102.000 	 -2.13415 	 0.268927	 -1.59889 	 0.201478	 -2.29131 	 0.28873
-2100.000 	 -1.83404 	 0.225365	 -1.34593 	 0.165386	 -2.02169 	 0.248423
-2098.000 	 -1.94401 	 0.22496	 -1.43741 	 0.166336	 -2.12214 	 0.245573
-2096.000 	 -2.19671 	 0.249187	 -1.65296 	 0.187506	 -2.34576 	 0.266094
-2094.000 	 -2.69896 	 0.294003	 -2.10481 	 0.229281	 -2.76247 	 0.300921
-2092.000 	 -3.22911 	 0.342045	 -2.61889 	 0.277407	 -3.16638 	 0.335401
-2090.000 	 -3.7156 	 0.387621	 -3.12815 	 0.326336	 -3.50831 	 0.365995
-2088.000 	 -3.96556 	 0.411296	 -3.40519 	 0.353176	 -3.67431 	 0.381089
-2086.000 	 -4.02134 	 0.415397	 -3.46852 	 0.358292	 -3.71051 	 0.383289
-2084.000 	 -4.08627 	 0.423172	 -3.54296 	 0.366908	 -3.75227 	 0.388584
-2082.000 	 -4.17655 	 0.43479	 -3.64778 	 0.379743	 -3.80968 	 0.396597
-2080.000 	 -4.37718 	 0.454406	 -3.8863 	 0.403447	 -3.93455 	 0.408456
-2078.000 	 -4.63102 	 0.481357	 -4.19963 	 0.436517	 -4.08743 	 0.424855
-2076.000 	 -4.85242 	 0.511165	 -4.48407 	 0.472363	 -4.21632 	 0.444158
-2074.000 	 -4.86626 	 0.52009	 -4.50222 	 0.481183	 -4.22425 	 0.451474
-2072.000 	 -4.75025 	 0.508676	 -4.35148 	 0.465974	 -4.15734 	 0.445185
-2070.000 	 -4.46661 	 0.480765	 -3.99519 	 0.430023	 -3.98905 	 0.429363
-2068.000 	 -4.16958 	 0.457629	 -3.63963 	 0.399465	 -3.80527 	 0.417644
-2066.000 	 -4.04273 	 0.437723	 -3.49296 	 0.378197	 -3.72432 	 0.403246
-2064.000 	 -3.24708 	 0.366886	 -2.63704 	 0.297957	 -3.17948 	 0.359247
-2062.000 	 -2.37245 	 0.280676	 -1.80741 	 0.213828	 -2.4956 	 0.295246
-2060.000 	 -2.79089 	 0.31378	 -2.19111 	 0.246347	 -2.83503 	 0.318742
-2058.000 	 -2.84943 	 0.303185	 -2.24667 	 0.239049	 -2.88066 	 0.306508
-2056.000 	 -2.37494 	 0.258405	 -1.80963 	 0.196896	 -2.4977 	 0.271762
-2054.000 	 -2.33112 	 0.257948	 -1.77074 	 0.19594	 -2.46077 	 0.272295
-2052.000 	 -2.65712 	 0.290888	 -2.06593 	 0.226167	 -2.72908 	 0.298765
-2050.000 	 -3.08844 	 0.333034	 -2.47852 	 0.267265	 -3.06255 	 0.330242
-2048.000 	 -3.51692 	 0.373653	 -2.91556 	 0.309761	 -3.37178 	 0.358232
-2046.000 	 -3.73704 	 0.396543	 -3.15148 	 0.334409	 -3.52279 	 0.373809
-2044.000 	 -3.11651 	 0.345532	 -2.5063 	 0.277876	 -3.08346 	 0.341867
-2042.000 	 -2.37702 	 0.290468	 -1.81148 	 0.22136	 -2.49945 	 0.305428
-2040.000 	 -2.23501 	 0.284014	 -1.6863 	 0.214286	 -2.3788 	 0.302286
-2038.000 	 -2.22609 	 0.289406	 -1.67852 	 0.218218	 -2.37112 	 0.308261
-2036.000 	 -1.58496 	 0.245981	 -1.1437 	 0.1775	 -1.78672 	 0.277294
-2034.000 	 -0.973512 	 0.16572	 -0.674815 	 0.114873	 -1.16211 	 0.197825
-2032.000 	 -0.573826 	 0.133533	 -0.387778 	 0.0902383	 -0.712435 	 0.165788
-2030.000 	 -0.8519 	 0.150545	 -0.585926 	 0.103543	 -1.029 	 0.181842
-2028.000 	 -1.20579 	 0.159027	 -0.848519 	 0.111908	 -1.40787 	 0.185679
-2026.000 	 -0.834005 	 0.128774	 -0.572963 	 0.0884682	 -1.00914 	 0.155817
-2024.000 	 -1.15292 	 0.149767	 -0.808519 	 0.105029	 -1.35288 	 0.175742
-2022.000 	 -2.21844 	 0.240695	 -1.67185 	 0.181391	 -2.36453 	 0.256545
-2020.000 	 -2.67827 	 0.28351	 -2.08556 	 0.220767	 -2.74599 	 0.290678
-2018.000 	 -2.89707 	 0.303958	 -2.29222 	 0.240498	 -2.91748 	 0.306099
-2016.000 	 -3.48238 	 0.360142	 -2.87926 	 0.297769	 -3.34761 	 0.346205
-2014.000 	 -3.4106 	 0.353516	 -2.80444 	 0.290686	 -3.29698 	 0.341738
-2012.000 	 -2.54472 	 0.279158	 -1.96259 	 0.215298	 -2.63823 	 0.289415
-2010.000 	 -2.72829 	 0.302562	 -2.13222 	 0.23646	 -2.78574 	 0.308933
-2008.000 	 -3.77396 	 0.400042	 -3.19185 	 0.338339	 -3.54763 	 0.376051
-2006.000 	 -4.17623 	 0.437508	 -3.64741 	 0.382108	 -3.80948 	 0.399087
-2004.000 	 -3.71151 	 0.398791	 -3.1237 	 0.335633	 -3.50554 	 0.37666
-2002.000 	 -3.40381 	 0.373649	 -2.79741 	 0.307082	 -3.29216 	 0.361392
-2000.000 	 -3.12995 	 0.350942	 -2.51963 	 0.282511	 -3.09343 	 0.346848
-1998.000 	 -2.47984 	 0.303731	 -1.9037 	 0.233165	 -2.585 	 0.31661
-1996.000 	 -1.94047 	 0.248865	 -1.43444 	 0.183967	 -2.11894 	 0.271753
-1994.000 	 -2.36703 	 0.296749	 -1.80259 	 0.225987	 -2.49105 	 0.312298
-1992.000 	 -2.55771 	 0.325613	 -1.97444 	 0.25136	 -2.64881 	 0.337211
-1990.000 	 -2.23416 	 0.294869	 -1.68556 	 0.222463	 -2.37807 	 0.313862
-1988.000 	 -1.46193 	 0.238648	 -1.0463 	 0.170799	 -1.6667 	 0.272075
-1986.000 	 -0.823249 	 0.151842	 -0.565185 	 0.104244	 -0.997177 	 0.183921
-1984.000 	 -0.763049 	 0.136504	 -0.521852 	 0.0933552	 -0.929732 	 0.166322
-1982.000 	 -0.801178 	 0.153565	 -0.549259 	 0.105278	 -0.972542 	 0.186411
-1980.000 	 -1.01613 	 0.162296	 -0.706296 	 0.11281	 -1.20802 	 0.192946
-1978.000 	 -1.5882 	 0.203357	 -1.1463 	 0.146774	 -1.78985 	 0.229177
-1976.000 	 -2.22822 	 0.254767	 -1.68037 	 0.192128	 -2.37295 	 0.271315
-1974.000 	 -2.35411 	 0.262054	 -1.79111 	 0.199382	 -2.48018 	 0.276087
-1972.000 	 -2.84827 	 0.304466	 -2.24556 	 0.240039	 -2.87976 	 0.307832
-1970.000 	 -3.21735 	 0.338333	 -2.60704 	 0.274153	 -3.15779 	 0.33207
-1968.000 	 -3.24855 	 0.339724	 -2.63852 	 0.275929	 -3.18055 	 0.332613
-1966.000 	 -3.35282 	 0.349233	 -2.74481 	 0.285902	 -3.2558 	 0.339127
-1964.000 	 -4.05825 	 0.417956	 -3.51074 	 0.361569	 -3.7343 	 0.384593
-1962.000 	 -4.13269 	 0.425857	 -3.59667 	 0.370622	 -3.78189 	 0.389708
-1960.000 	 -3.59657 	 0.378278	 -3 	 0.315532	 -3.42701 	 0.360444
-1958.000 	 -3.23939 	 0.347643	 -2.62926 	 0.282165	 -3.17388 	 0.340612
-1956.000 	 -3.46929 	 0.369486	 -2.86556 	 0.305187	 -3.33842 	 0.355548
-1954.000 	 -4.01776 	 0.421803	 -3.46444 	 0.363713	 -3.7082 	 0.389304
-1952.000 	 -4.38024 	 0.4573	 -3.89 	 0.406118	 -3.93643 	 0.410966
-1950.000 	 -4.57939 	 0.478348	 -4.13481 	 0.431909	 -4.05678 	 0.423758
-1948.000 	 -4.55087 	 0.479066	 -4.09926 	 0.431526	 -4.03976 	 0.425262
-1946.000 	 -4.17306 	 0.448123	 -3.6437 	 0.391278	 -3.80748 	 0.408865
-1944.000 	 -3.63569 	 0.399582	 -3.04185 	 0.334316	 -3.45389 	 0.379602
-1942.000 	 -2.34743 	 0.301196	 -1.78519 	 0.229056	 -2.47454 	 0.317506
-1940.000 	 -1.81608 	 0.255265	 -1.33111 	 0.187099	 -2.00509 	 0.281832
-1938.000 	 -1.9272 	 0.219857	 -1.42333 	 0.162376	 -2.10691 	 0.240359
-1936.000 	 -2.07841 	 0.227016	 -1.55111 	 0.169421	 -2.2423 	 0.244917
-1934.000 	 -2.00736 	 0.221871	 -1.49074 	 0.16477	 -2.17913 	 0.240856
-1932.000 	 -2.0183 	 0.216375	 -1.5 	 0.16081	 -2.18891 	 0.234665
-1930.000 	 -2.08405 	 0.223453	 -1.55593 	 0.166827	 -2.24727 	 0.240954
-1928.000 	 -2.01393 	 0.220579	 -1.4963 	 0.163885	 -2.185 	 0.239316
-1926.000 	 -2.07624 	 0.222831	 -1.54926 	 0.166273	 -2.24038 	 0.240447
-1924.000 	 -2.6319 	 0.276928	 -2.04259 	 0.214921	 -2.70884 	 0.285024
-1922.000 	 -3.11576 	 0.325501	 -2.50556 	 0.261753	 -3.0829 	 0.322068
-1920.000 	 -3.10268 	 0.32441	 -2.49259 	 0.260621	 -3.07316 	 0.321324
-1918.000 	 -2.84088 	 0.303629	 -2.23852 	 0.23925	 -2.87402 	 0.307172
-1916.000 	 -2.91364 	 0.315614	 -2.30815 	 0.250026	 -2.93022 	 0.31741
-1914.000 	 -3.31015 	 0.355974	 -2.70111 	 0.290478	 -3.22516 	 0.346834
-1912.000 	 -3.47318 	 0.374672	 -2.86963 	 0.309563	 -3.34116 	 0.36043
-1910.000 	 -3.43877 	 0.371881	 -2.8337 	 0.306447	 -3.31691 	 0.358703
-1908.000 	 -3.62014 	 0.389292	 -3.02519 	 0.325313	 -3.44323 	 0.370268
-1906.000 	 -4.05792 	 0.430896	 -3.51037 	 0.372753	 -3.73409 	 0.396509
-1904.000 	 -4.15847 	 0.439786	 -3.62667 	 0.383544	 -3.79824 	 0.401689
-1902.000 	 -4.0898 	 0.434636	 -3.54704 	 0.376954	 -3.75453 	 0.399006
-1900.000 	 -3.5997 	 0.393043	 -3.00333 	 0.327927	 -3.42917 	 0.374423
-1898.000 	 -2.80147 	 0.327171	 -2.20111 	 0.257058	 -2.8433 	 0.332057
-1896.000 	 -2.26846 	 0.261468	 -1.71556 	 0.197739	 -2.40748 	 0.277492
-1894.000 	 -2.41188 	 0.269278	 -1.84259 	 0.205719	 -2.52861 	 0.282311
-1892.000 	 -2.46137 	 0.311591	 -1.88704 	 0.238885	 -2.56974 	 0.32531
-1890.000 	 -2.30805 	 0.289698	 -1.75037 	 0.2197	 -2.44122 	 0.306412
-1888.000 	 -2.38908 	 0.290404	 -1.82222 	 0.2215	 -2.50955 	 0.305048
-1886.000 	 -2.57876 	 0.306164	 -1.9937 	 0.236703	 -2.66591 	 0.316512
-1884.000 	 -2.7697 	 0.317725	 -2.17111 	 0.249059	 -2.81839 	 0.323312
-1882.000 	 -2.79951 	 0.321083	 -2.19926 	 0.252238	 -2.84177 	 0.32593
-1880.000 	 -2.81046 	 0.322669	 -2.20963 	 0.253687	 -2.85033 	 0.327246
-1878.000 	 -2.98524 	 0.338143	 -2.37741 	 0.269292	 -2.98488 	 0.338101
-1876.000 	 -3.1956 	 0.360403	 -2.58519 	 0.291559	 -3.14186 	 0.354342
-1874.000 	 -3.44801 	 0.38859	 -2.84333 	 0.320443	 -3.32344 	 0.374551
-1872.000 	 -3.71901 	 0.414081	 -3.13185 	 0.348706	 -3.51061 	 0.390878
-1870.000 	 -3.96064 	 0.43273	 -3.39963 	 0.371435	 -3.67111 	 0.401096
-1868.000 	 -4.22827 	 0.450625	 -3.70852 	 0.395233	 -3.84222 	 0.409482
-1866.000 	 -4.56128 	 0.481179	 -4.11222 	 0.433807	 -4.04598 	 0.42682
-1864.000 	 -4.7072 	 0.5028	 -4.2963 	 0.45891	 -4.13224 	 0.441386
-1862.000 	 -3.9878 	 0.439029	 -3.43037 	 0.37766	 -3.68878 	 0.406109
-1860.000 	 -2.85448 	 0.336879	 -2.25148 	 0.265714	 -2.88458 	 0.340431
-1858.000 	 -1.97883 	 0.245863	 -1.46667 	 0.182228	 -2.15354 	 0.26757
-1856.000 	 -2.29881 	 0.263849	 -1.74222 	 0.199966	 -2.43336 	 0.279292
-1854.000 	 -2.40442 	 0.261414	 -1.83593 	 0.199605	 -2.52239 	 0.274239
-1852.000 	 -2.55852 	 0.273	 -1.97519 	 0.210757	 -2.64947 	 0.282705
-1850.000 	 -3.04516 	 0.317032	 -2.43593 	 0.253605	 -3.03013 	 0.315468
-1848.000 	 -3.28288 	 0.341522	 -2.67333 	 0.278109	 -3.20546 	 0.333468
-1846.000 	 -2.89359 	 0.306293	 -2.28889 	 0.242284	 -2.9148 	 0.308538
-1844.000 	 -2.17235 	 0.243698	 -1.63185 	 0.183064	 -2.32462 	 0.26078
-1842.000 	 -2.16764 	 0.239814	 -1.62778 	 0.180087	 -2.32053 	 0.256728
-1840.000 	 -2.43131 	 0.267014	 -1.86 	 0.204272	 -2.5448 	 0.279478
-1838.000 	 -2.50072 	 0.276938	 -1.92259 	 0.212914	 -2.60219 	 0.288175
-1836.000 	 -2.67787 	 0.291011	 -2.08519 	 0.226602	 -2.74567 	 0.298378
-1834.000 	 -2.64993 	 0.291236	 -2.05926 	 0.22632	 -2.72332 	 0.299302
-1832.000 	 -1.84704 	 0.228415	 -1.35667 	 0.167773	 -2.03366 	 0.251494
-1830.000 	 -1.68129 	 0.21699	 -1.22111 	 0.157598	 -1.87885 	 0.242487
-1828.000 	 -2.50072 	 0.282322	 -1.92259 	 0.217054	 -2.60219 	 0.293778
-1826.000 	 -3.11614 	 0.331493	 -2.50593 	 0.266579	 -3.08318 	 0.327986
-1824.000 	 -3.10006 	 0.331638	 -2.49 	 0.266375	 -3.07121 	 0.328552
-1822.000 	 -3.25806 	 0.348262	 -2.64815 	 0.283067	 -3.18747 	 0.340716
-1820.000 	 -3.8525 	 0.401158	 -3.27852 	 0.34139	 -3.6 	 0.374866
-1818.000 	 -3.92777 	 0.407742	 -3.36259 	 0.349071	 -3.64961 	 0.378867
-1816.000 	 -2.96808 	 0.318314	 -2.36074 	 0.253179	 -2.97183 	 0.318717
-1814.000 	 -2.11475 	 0.23787	 -1.58222 	 0.177971	 -2.27431 	 0.255817
-1812.000 	 -2.14232 	 0.276094	 -1.60593 	 0.206966	 -2.29845 	 0.296216
-1810.000 	 -2.34367 	 0.258938	 -1.78185 	 0.196866	 -2.47137 	 0.273047
-1808.000 	 -2.48312 	 0.269753	 -1.90667 	 0.20713	 -2.5877 	 0.281114
-1806.000 	 -2.99932 	 0.317779	 -2.39111 	 0.253339	 -2.99555 	 0.317379
-1804.000 	 -3.35282 	 0.353557	 -2.74481 	 0.289442	 -3.2558 	 0.343326
-1802.000 	 -3.83446 	 0.401032	 -3.25852 	 0.340797	 -3.58803 	 0.375259
-1800.000 	 -3.959 	 0.414951	 -3.39778 	 0.356127	 -3.67004 	 0.384663
-1798.000 	 -3.96064 	 0.420158	 -3.39963 	 0.360644	 -3.67111 	 0.389443
-1796.000 	 -4.21947 	 0.444129	 -3.69815 	 0.389257	 -3.8367 	 0.40384
-1794.000 	 -4.38453 	 0.461572	 -3.89519 	 0.410057	 -3.93906 	 0.414676
-1792.000 	 -4.0301 	 0.435801	 -3.47852 	 0.376155	 -3.71617 	 0.401853
-1790.000 	 -3.41881 	 0.383706	 -2.81296 	 0.315709	 -3.3028 	 0.370685
-1788.000 	 -2.87658 	 0.337984	 -2.27259 	 0.267018	 -2.90168 	 0.340933
-1786.000 	 -2.55892 	 0.310747	 -1.97556 	 0.239905	 -2.6498 	 0.321783
-1784.000 	 -2.6319 	 0.329957	 -2.04259 	 0.256076	 -2.70884 	 0.339602
-1782.000 	 -2.72473 	 0.364893	 -2.12889 	 0.285098	 -2.78292 	 0.372685
-1780.000 	 -2.38534 	 0.258669	 -1.81889 	 0.197243	 -2.50642 	 0.271799
-1778.000 	 -1.8988 	 0.213554	 -1.39963 	 0.157413	 -2.08108 	 0.234054
-1776.000 	 -1.72695 	 0.211008	 -1.25815 	 0.153728	 -1.92196 	 0.234835
-1774.000 	 -1.19553 	 0.16021	 -0.840741 	 0.112665	 -1.39725 	 0.187241
-1772.000 	 -1.14653 	 0.155922	 -0.803704 	 0.109299	 -1.3462 	 0.183076
-1770.000 	 -1.76056 	 0.202435	 -1.28556 	 0.147818	 -1.95346 	 0.224616
-1768.000 	 -2.20013 	 0.239151	 -1.65593 	 0.179997	 -2.34871 	 0.255302
-1766.000 	 -2.21504 	 0.242044	 -1.66889 	 0.182365	 -2.36159 	 0.258059
-1764.000 	 -2.46836 	 0.263757	 -1.89333 	 0.202312	 -2.57552 	 0.275207
-1762.000 	 -2.56905 	 0.274804	 -1.98481 	 0.21231	 -2.65803 	 0.284322
-1760.000 	 -2.94436 	 0.310452	 -2.33778 	 0.246494	 -2.95375 	 0.311441
-1758.000 	 -3.49509 	 0.361462	 -2.89259 	 0.299152	 -3.35652 	 0.347131
-1756.000 	 -3.80663 	 0.392552	 -3.22778 	 0.332858	 -3.56949 	 0.368097
-1754.000 	 -3.75129 	 0.390162	 -3.16704 	 0.329396	 -3.53239 	 0.367396
-1752.000 	 -4.43027 	 0.455704	 -3.95074 	 0.406379	 -3.96699 	 0.40805
-1750.000 	 -5.04057 	 0.521028	 -4.73444 	 0.489385	 -4.32275 	 0.44683
-1748.000 	 -4.9825 	 0.521614	 -4.6563 	 0.487465	 -4.2902 	 0.449138
-1746.000 	 -4.21695 	 0.453464	 -3.69519 	 0.397357	 -3.83512 	 0.412405
-1744.000 	 -2.85837 	 0.332177	 -2.25519 	 0.26208	 -2.88759 	 0.335573
-1742.000 	 -2.00824 	 0.254811	 -1.49148 	 0.189244	 -2.17991 	 0.276594
-1740.000 	 -2.34659 	 0.270193	 -1.78444 	 0.205466	 -2.47384 	 0.284845
-1738.000 	 -2.36453 	 0.258648	 -1.80037 	 0.196936	 -2.48895 	 0.272257
-1736.000 	 -2.31267 	 0.258816	 -1.75444 	 0.196344	 -2.44514 	 0.273641
-1734.000 	 -3.22029 	 0.340637	 -2.61 	 0.276082	 -3.15994 	 0.334253
-1732.000 	 -3.54323 	 0.368617	 -2.94333 	 0.306207	 -3.3901 	 0.352686
-1730.000 	 -3.3174 	 0.34496	 -2.70852 	 0.281645	 -3.23038 	 0.335911
-1728.000 	 -3.22911 	 0.336463	 -2.61889 	 0.27288	 -3.16638 	 0.329927
-1726.000 	 -3.50742 	 0.369644	 -2.90556 	 0.306214	 -3.36514 	 0.35465
-1724.000 	 -3.21661 	 0.339707	 -2.6063 	 0.275251	 -3.15725 	 0.333438
-1722.000 	 -2.3198 	 0.263592	 -1.76074 	 0.200068	 -2.45119 	 0.278521
-1720.000 	 -1.86091 	 0.30333	 -1.36815 	 0.22301	 -2.04641 	 0.333567
-1718.000 	 -2.45027 	 0.265137	 -1.87704 	 0.203109	 -2.56054 	 0.277069
-1716.000 	 -3.38195 	 0.351784	 -2.77481 	 0.28863	 -3.27661 	 0.340826
-1714.000 	 -3.93666 	 0.406672	 -3.37259 	 0.348402	 -3.65544 	 0.377621
-1712.000 	 -4.00671 	 0.413054	 -3.45185 	 0.355854	 -3.70104 	 0.381543
-1710.000 	 -4.29697 	 0.444403	 -3.79 	 0.391971	 -3.88507 	 0.401803
-1708.000 	 -4.7367 	 0.491762	 -4.33407 	 0.449961	 -4.14946 	 0.430795
-1706.000 	 -4.65915 	 0.492863	 -4.23519 	 0.448014	 -4.10403 	 0.43414
-1704.000 	 -4.33011 	 0.466196	 -3.82963 	 0.412313	 -3.90558 	 0.42049
-1702.000 	 -4.09109 	 0.451895	 -3.54852 	 0.391964	 -3.75536 	 0.414811
-1700.000 	 -3.46079 	 0.392994	 -2.85667 	 0.324392	 -3.33244 	 0.378419
-1698.000 	 -2.59934 	 0.321915	 -2.01259 	 0.249249	 -2.68258 	 0.332224
-1696.000 	 -2.60176 	 0.316274	 -2.01481 	 0.244924	 -2.68454 	 0.326337
-1694.000 	 -3.10978 	 0.35509	 -2.49963 	 0.285419	 -3.07845 	 0.351512
-1692.000 	 -2.90131 	 0.318057	 -2.2963 	 0.251733	 -2.92074 	 0.320188
-1690.000 	 -2.75986 	 0.299864	 -2.16185 	 0.234889	 -2.81066 	 0.305383
-1688.000 	 -2.66192 	 0.293176	 -2.07037 	 0.228025	 -2.73292 	 0.300996
-1686.000 	 -2.15993 	 0.251478	 -1.62111 	 0.188744	 -2.31381 	 0.269395
-1684.000 	 -1.80212 	 0.224743	 -1.31963 	 0.164571	 -1.99216 	 0.248443
-1682.000 	 -2.06799 	 0.242626	 -1.54222 	 0.18094	 -2.23308 	 0.261995
-1680.000 	 -2.53131 	 0.282197	 -1.95037 	 0.217432	 -2.62727 	 0.292894
-1678.000 	 -2.57876 	 0.291788	 -1.9937 	 0.225589	 -2.66591 	 0.301651
-1676.000 	 -2.27985 	 0.267259	 -1.72556 	 0.20228	 -2.41721 	 0.283361
-1674.000 	 -2.81398 	 0.312177	 -2.21296 	 0.245501	 -2.85308 	 0.316514
-1672.000 	 -3.58615 	 0.380917	 -2.98889 	 0.317477	 -3.41982 	 0.36325
-1670.000 	 -3.78914 	 0.400991	 -3.20852 	 0.339546	 -3.5578 	 0.376509
-1668.000 	 -3.88875 	 0.411987	 -3.31889 	 0.351613	 -3.62397 	 0.383934
-1666.000 	 -4.45392 	 0.46556	 -3.97963 	 0.415984	 -3.98136 	 0.416165
-1664.000 	 -4.6319 	 0.485532	 -4.20074 	 0.440336	 -4.08795 	 0.428513
-1662.000 	 -4.49403 	 0.481144	 -4.02889 	 0.431345	 -4.00562 	 0.428854
-1660.000 	 -4.39218 	 0.478216	 -3.90444 	 0.425113	 -3.94374 	 0.429391
-1658.000 	 -4.50514 	 0.48937	 -4.04259 	 0.439126	 -4.01232 	 0.435837
-1656.000 	 -4.70981 	 0.512168	 -4.29963 	 0.467563	 -4.13376 	 0.449526
-1654.000 	 -4.7537 	 0.517579	 -4.35593 	 0.47427	 -4.15935 	 0.452867
-1652.000 	 -4.42936 	 0.489382	 -3.94963 	 0.436379	 -3.96644 	 0.438236
-1650.000 	 -4.1084 	 0.464945	 -3.56852 	 0.403847	 -3.76642 	 0.426243
-1648.000 	 -3.99465 	 0.450799	 -3.43815 	 0.387997	 -3.69323 	 0.416784
-1646.000 	 -3.56315 	 0.405325	 -2.96444 	 0.337219	 -3.40392 	 0.387212
-1644.000 	 -2.86457 	 0.344019	 -2.26111 	 0.271546	 -2.89239 	 0.34736
-1642.000 	 -2.46713 	 0.290472	 -1.89222 	 0.222785	 -2.5745 	 0.303114
-1640.000 	 -2.47 	 0.310584	 -1.89481 	 0.238259	 -2.57687 	 0.324023
-1638.000 	 -2.10655 	 0.230218	 -1.57519 	 0.172147	 -2.2671 	 0.247764
-1636.000 	 -2.03491 	 0.228204	 -1.51407 	 0.169795	 -2.20371 	 0.247134
-1634.000 	 -2.05495 	 0.240149	 -1.53111 	 0.178931	 -2.22152 	 0.259616
-1632.000 	 -2.07885 	 0.232322	 -1.55148 	 0.173386	 -2.24268 	 0.250632
-1630.000 	 -2.99628 	 0.314619	 -2.38815 	 0.250763	 -2.99325 	 0.3143
-1628.000 	 -3.94193 	 0.405293	 -3.37852 	 0.347366	 -3.65888 	 0.376192
-1626.000 	 -3.84182 	 0.398438	 -3.26667 	 0.338789	 -3.59291 	 0.372624
-1624.000 	 -2.83426 	 0.306932	 -2.23222 	 0.241735	 -2.86888 	 0.310681
-1622.000 	 -2.47492 	 0.276403	 -1.89926 	 0.212112	 -2.58094 	 0.288243
-1620.000 	 -2.98334 	 0.329158	 -2.37556 	 0.2621	 -2.98343 	 0.329168
-1618.000 	 -3.49932 	 0.378593	 -2.89704 	 0.313432	 -3.35948 	 0.363464
-1616.000 	 -3.65877 	 0.393865	 -3.06667 	 0.330125	 -3.46968 	 0.373509
-1614.000 	 -3.40774 	 0.376919	 -2.80148 	 0.309862	 -3.29495 	 0.364443
-1612.000 	 -2.84594 	 0.327988	 -2.24333 	 0.258539	 -2.87795 	 0.331677
-1610.000 	 -2.23331 	 0.272349	 -1.68481 	 0.205461	 -2.37734 	 0.289913
-1608.000 	 -1.96122 	 0.277005	 -1.45185 	 0.205061	 -2.13768 	 0.301929
-1606.000 	 -2.03403 	 0.241896	 -1.51333 	 0.179972	 -2.20293 	 0.261982
-1604.000 	 -1.11648 	 0.169337	 -0.781111 	 0.118472	 -1.31466 	 0.199396
-1602.000 	 -1.19944 	 0.161538	 -0.843704 	 0.113628	 -1.4013 	 0.188723
-1600.000 	 -2.03272 	 0.228129	 -1.51222 	 0.169714	 -2.20177 	 0.2471
-1598.000 	 -2.71958 	 0.292575	 -2.12407 	 0.228509	 -2.77884 	 0.29895
-1596.000 	 -3.16749 	 0.336565	 -2.55704 	 0.2717	 -3.12118 	 0.331645
-1594.000 	 -3.64776 	 0.380465	 -3.05481 	 0.318621	 -3.46215 	 0.361107
-1592.000 	 -3.48768 	 0.365347	 -2.88481 	 0.302195	 -3.35133 	 0.351063
-1590.000 	 -2.87465 	 0.31252	 -2.27074 	 0.246866	 -2.90018 	 0.315297
-1588.000 	 -2.58118 	 0.285454	 -1.99593 	 0.220731	 -2.66788 	 0.295043
-1586.000 	 -3.16267 	 0.362169	 -2.55222 	 0.292264	 -3.11763 	 0.357011
-1584.000 	 -3.95211 	 0.428083	 -3.39 	 0.367197	 -3.66554 	 0.397042
-1582.000 	 -4.23862 	 0.446741	 -3.72074 	 0.392158	 -3.84871 	 0.405645
-1580.000 	 -4.43361 	 0.467814	 -3.95481 	 0.417294	 -3.96902 	 0.418793
-1578.000 	 -4.74016 	 0.50089	 -4.33852 	 0.458449	 -4.15148 	 0.438684
-1576.000 	 -4.87585 	 0.519471	 -4.51481 	 0.481006	 -4.22973 	 0.450634
-1574.000 	 -4.47144 	 0.482888	 -4.00111 	 0.432095	 -3.99198 	 0.431109
-1572.000 	 -3.49121 	 0.396315	 -2.88852 	 0.327899	 -3.3538 	 0.380717
-1570.000 	 -2.62066 	 0.312392	 -2.03222 	 0.242248	 -2.6998 	 0.321825
-1568.000 	 -2.31603 	 0.276649	 -1.75741 	 0.209922	 -2.44799 	 0.292412
-1566.000 	 -2.21163 	 0.256194	 -1.66593 	 0.19298	 -2.35865 	 0.273225
-1564.000 	 -2.02792 	 0.227491	 -1.50815 	 0.169183	 -2.19749 	 0.246513
-1562.000 	 -2.74567 	 0.296419	 -2.14852 	 0.231951	 -2.79947 	 0.302227
-1560.000 	 -3.3798 	 0.355063	 -2.77259 	 0.291273	 -3.27508 	 0.344061
-1558.000 	 -3.46398 	 0.360429	 -2.86 	 0.297584	 -3.33468 	 0.346976
-1556.000 	 -3.07755 	 0.321924	 -2.46778 	 0.258139	 -3.05441 	 0.319504
-1554.000 	 -2.72948 	 0.288547	 -2.13333 	 0.225526	 -2.78668 	 0.294594
-1552.000 	 -2.93516 	 0.310809	 -2.32889 	 0.24661	 -2.94671 	 0.312032
-1550.000 	 -3.57849 	 0.371691	 -2.98074 	 0.309604	 -3.41454 	 0.354661
-1548.000 	 -4.21066 	 0.433274	 -3.68778 	 0.37947	 -3.83117 	 0.394224
-1546.000 	 -4.67171 	 0.479922	 -4.25111 	 0.436714	 -4.11142 	 0.422364
-1544.000 	 -5.1772 	 0.533729	 -4.92148 	 0.507367	 -4.39832 	 0.453433
-1542.000 	 -5.42688 	 0.565255	 -5.27519 	 0.549455	 -4.53282 	 0.472131
-1540.000 	 -5.30774 	 0.560914	 -5.10444 	 0.53943	 -4.46921 	 0.472299
-1538.000 	 -5.04577 	 0.540627	 -4.74148 	 0.508025	 -4.32566 	 0.463471
-1536.000 	 -4.80498 	 0.52305	 -4.42222 	 0.481384	 -4.18904 	 0.456002
-1534.000 	 -4.24802 	 0.475359	 -3.73185 	 0.417599	 -3.85458 	 0.431333
-1532.000 	 -3.42381 	 0.395955	 -2.81815 	 0.325912	 -3.30634 	 0.382369
-1530.000 	 -2.87697 	 0.33108	 -2.27296 	 0.261571	 -2.90198 	 0.333958
-1528.000 	 -2.87155 	 0.315172	 -2.26778 	 0.248904	 -2.89779 	 0.318053
-1526.000 	 -2.83932 	 0.305787	 -2.23704 	 0.240923	 -2.87281 	 0.309394
-1524.000 	 -2.40194 	 0.263235	 -1.8337 	 0.200961	 -2.52031 	 0.276208
-1522.000 	 -2.37827 	 0.26684	 -1.81259 	 0.203371	 -2.50049 	 0.280553
-1520.000 	 -2.74725 	 0.301508	 -2.15 	 0.23596	 -2.80072 	 0.307376
-1518.000 	 -3.0255 	 0.326463	 -2.41667 	 0.260767	 -3.01533 	 0.325365
-1516.000 	 -3.01944 	 0.326625	 -2.41074 	 0.260779	 -3.01076 	 0.325686
-1514.000 	 -2.98067 	 0.324824	 -2.37296 	 0.258598	 -2.98141 	 0.324904
-1512.000 	 -3.77936 	 0.400751	 -3.19778 	 0.339082	 -3.55125 	 0.376563
-1510.000 	 -4.67259 	 0.485953	 -4.25222 	 0.442235	 -4.11194 	 0.427645
-1508.000 	 -4.86739 	 0.509714	 -4.5037 	 0.471629	 -4.2249 	 0.442432
-1506.000 	 -4.74708 	 0.504729	 -4.34741 	 0.462234	 -4.1555 	 0.44183
-1504.000 	 -4.80812 	 0.511534	 -4.4263 	 0.470912	 -4.19085 	 0.445864
-1502.000 	 -4.71299 	 0.507109	 -4.3037 	 0.463071	 -4.13563 	 0.444986
-1500.000 	 -4.47898 	 0.489599	 -4.01037 	 0.438375	 -3.99654 	 0.436863
-1498.000 	 -4.51473 	 0.495569	 -4.05444 	 0.445044	 -4.01809 	 0.441053
-1496.000 	 -4.21129 	 0.481287	 -3.68852 	 0.421542	 -3.83156 	 0.43789
-1494.000 	 -3.06213 	 0.363106	 -2.45259 	 0.290828	 -3.04287 	 0.360822
-1492.000 	 -1.85599 	 0.230727	 -1.36407 	 0.169575	 -2.04189 	 0.253838
-1490.000 	 -1.5984 	 0.192018	 -1.15444 	 0.138685	 -1.79967 	 0.216198
-1488.000 	 -1.05802 	 0.144245	 -0.737407 	 0.100534	 -1.25278 	 0.170798
-1486.000 	 -1.711 	 0.194805	 -1.24519 	 0.14177	 -1.90694 	 0.217114
-1484.000 	 -2.12898 	 0.232413	 -1.59444 	 0.174059	 -2.28678 	 0.249639
-1482.000 	 -2.1264 	 0.223403	 -1.59222 	 0.167281	 -2.28452 	 0.240015
-1480.000 	 -1.74604 	 0.18871	 -1.2737 	 0.13766	 -1.93988 	 0.20966
-1478.000 	 -1.5258 	 0.168775	 -1.09667 	 0.121307	 -1.72935 	 0.191291
-1476.000 	 -1.4094 	 0.157529	 -1.00519 	 0.11235	 -1.61461 	 0.180466
-1474.000 	 -1.60303 	 0.174	 -1.15815 	 0.125711	 -1.80413 	 0.195828
-1472.000 	 -2.5044 	 0.259109	 -1.92593 	 0.199259	 -2.60521 	 0.269539
-1470.000 	 -3.64672 	 0.370501	 -3.0537 	 0.310251	 -3.46145 	 0.351677
-1468.000 	 -4.49734 	 0.455086	 -4.03296 	 0.408096	 -4.00761 	 0.405531
-1466.000 	 -5.03838 	 0.514684	 -4.73148 	 0.483334	 -4.32153 	 0.441456
-1464.000 	 -4.97558 	 0.514128	 -4.64704 	 0.48018	 -4.28631 	 0.442905
-1462.000 	 -4.62308 	 0.487631	 -4.18963 	 0.441912	 -4.08273 	 0.430636
-1460.000 	 -4.46601 	 0.47749	 -3.99444 	 0.427072	 -3.98869 	 0.426457
-1458.000 	 -4.81723 	 0.510856	 -4.43815 	 0.470655	 -4.19611 	 0.444987
-1456.000 	 -4.69064 	 0.507149	 -4.27519 	 0.46223	 -4.12254 	 0.445727
-1454.000 	 -3.56141 	 0.412956	 -2.96259 	 0.343521	 -3.40271 	 0.394555
-1452.000 	 -1.96387 	 0.249146	 -1.45407 	 0.184472	 -2.14007 	 0.271501
-1450.000 	 -1.35458 	 0.169974	 -0.962593 	 0.120787	 -1.55972 	 0.195715
-1448.000 	 -0.682582 	 0.126884	 -0.464444 	 0.0863348	 -0.838322 	 0.155834
-1446.000 	 -0.688841 	 0.128102	 -0.468889 	 0.0871983	 -0.845485 	 0.157233
-1444.000 	 -0.877392 	 0.140661	 -0.604444 	 0.096903	 -1.05716 	 0.169481
-1442.000 	 -0.831445 	 0.126576	 -0.571111 	 0.0869437	 -1.0063 	 0.153195
-1440.000 	 -0.819147 	 0.105941	 -0.562222 	 0.0727129	 -0.992607 	 0.128375
-1438.000 	 -0.59443 	 0.0967666	 -0.402222 	 0.0654773	 -0.736495 	 0.119893
-1436.000 	 -1.01563 	 0.125702	 -0.705926 	 0.0873708	 -1.20749 	 0.149448
-1434.000 	 -1.61551 	 0.174542	 -1.16815 	 0.126208	 -1.81612 	 0.196215
-1432.000 	 -2.21504 	 0.230335	 -1.66889 	 0.173542	 -2.36159 	 0.245574
-1430.000 	 -2.74449 	 0.281367	 -2.14741 	 0.220154	 -2.79854 	 0.286908
-1428.000 	 -3.44019 	 0.349765	 -2.83519 	 0.288254	 -3.31792 	 0.337334
-1426.000 	 -3.72582 	 0.37945	 -3.13926 	 0.319713	 -3.51522 	 0.358002
-1424.000 	 -3.87215 	 0.398479	 -3.30037 	 0.339638	 -3.61301 	 0.371811
-1422.000 	 -4.11128 	 0.420582	 -3.57185 	 0.365398	 -3.76826 	 0.38549
-1420.000 	 -4.13524 	 0.427252	 -3.59963 	 0.371913	 -3.78351 	 0.390911
-1418.000 	 -4.02264 	 0.42351	 -3.47 	 0.365327	 -3.71135 	 0.390737
-1416.000 	 -4.48109 	 0.468252	 -4.01296 	 0.419335	 -3.99781 	 0.417751
-1414.000 	 -5.33302 	 0.553544	 -5.14037 	 0.533547	 -4.48279 	 0.465294
-1412.000 	 -5.26448 	 0.554571	 -5.04333 	 0.531275	 -4.44586 	 0.468336
-1410.000 	 -4.18383 	 0.460417	 -3.6563 	 0.402364	 -3.81427 	 0.419749
-1408.000 	 -3.28288 	 0.373904	 -2.67333 	 0.304479	 -3.20546 	 0.365086
-1406.000 	 -2.71087 	 0.333672	 -2.11593 	 0.260443	 -2.77193 	 0.341188
-1404.000 	 -2.39074 	 0.291498	 -1.8237 	 0.222361	 -2.51094 	 0.306155
-1402.000 	 -2.24476 	 0.248333	 -1.69481 	 0.187493	 -2.38718 	 0.264087
-1400.000 	 -1.79311 	 0.210535	 -1.31222 	 0.154073	 -1.98379 	 0.232924
-1398.000 	 -1.8685 	 0.218381	 -1.37444 	 0.160638	 -2.05337 	 0.239988
-1396.000 	 -2.41105 	 0.262481	 -1.84185 	 0.200515	 -2.52792 	 0.275205
-1394.000 	 -2.7752 	 0.296416	 -2.1763 	 0.232448	 -2.82272 	 0.301492
-1392.000 	 -2.96732 	 0.315234	 -2.36 	 0.250715	 -2.97125 	 0.315652
-1390.000 	 -2.7858 	 0.298553	 -2.1863 	 0.234304	 -2.83103 	 0.303401
-1388.000 	 -2.91979 	 0.310098	 -2.31407 	 0.245767	 -2.93494 	 0.311707
-1386.000 	 -3.15747 	 0.333378	 -2.54704 	 0.268926	 -3.1138 	 0.328766
-1384.000 	 -3.86716 	 0.404452	 -3.29481 	 0.344593	 -3.60971 	 0.377526
-1382.000 	 -4.44211 	 0.460711	 -3.96519 	 0.411247	 -3.97419 	 0.412181
-1380.000 	 -4.91432 	 0.509361	 -4.56556 	 0.473212	 -4.25165 	 0.440676
-1378.000 	 -4.98111 	 0.526849	 -4.65444 	 0.492298	 -4.28942 	 0.45369
-1376.000 	 -4.9132 	 0.528884	 -4.56407 	 0.491302	 -4.25101 	 0.457603
-1374.000 	 -4.81353 	 0.516543	 -4.43333 	 0.475744	 -4.19397 	 0.450059
-1372.000 	 -4.52042 	 0.493368	 -4.06148 	 0.443278	 -4.02151 	 0.438915
-1370.000 	 -4.1346 	 0.458732	 -3.59889 	 0.399295	 -3.7831 	 0.419733
-1368.000 	 -3.86816 	 0.431515	 -3.29593 	 0.367679	 -3.61037 	 0.402757
-1366.000 	 -3.84482 	 0.41936	 -3.27 	 0.356664	 -3.59491 	 0.392102
-1364.000 	 -3.12622 	 0.344019	 -2.51593 	 0.276861	 -3.09066 	 0.340107
-1362.000 	 -2.58118 	 0.294032	 -1.99593 	 0.227363	 -2.66788 	 0.303908
-1360.000 	 -2.32819 	 0.281237	 -1.76815 	 0.213586	 -2.45829 	 0.296952
-1358.000 	 -1.95858 	 0.225913	 -1.44963 	 0.167209	 -2.1353 	 0.246298
-1356.000 	 -1.59932 	 0.190544	 -1.15519 	 0.137629	 -1.80057 	 0.21452
-1354.000 	 -1.60303 	 0.191539	 -1.15815 	 0.138383	 -1.80413 	 0.215568
-1352.000 	 -2.08795 	 0.233551	 -1.55926 	 0.174413	 -2.25071 	 0.251757
-1350.000 	 -2.81984 	 0.296916	 -2.21852 	 0.2336	 -2.85765 	 0.300897
-1348.000 	 -3.58789 	 0.370948	 -2.99074 	 0.309209	 -3.42102 	 0.353696
-1346.000 	 -4.11064 	 0.418049	 -3.57111 	 0.363179	 -3.76785 	 0.383187
-1344.000 	 -4.51953 	 0.461044	 -4.06037 	 0.414205	 -4.02097 	 0.410186
-1342.000 	 -4.82832 	 0.500427	 -4.45259 	 0.461485	 -4.20249 	 0.435563
-1340.000 	 -4.91376 	 0.517225	 -4.56481 	 0.480495	 -4.25133 	 0.447498
-1338.000 	 -4.71531 	 0.508821	 -4.30667 	 0.464725	 -4.13698 	 0.446414
-1336.000 	 -4.56009 	 0.505599	 -4.11074 	 0.455777	 -4.04527 	 0.448518
-1334.000 	 -4.27551 	 0.485336	 -3.76444 	 0.427322	 -3.87173 	 0.4395
-1332.000 	 -3.8515 	 0.425958	 -3.27741 	 0.362466	 -3.59934 	 0.39807
-1330.000 	 -3.72786 	 0.409391	 -3.14148 	 0.344995	 -3.5166 	 0.38619
-1328.000 	 -3.7081 	 0.410395	 -3.12 	 0.345307	 -3.50323 	 0.387721
-1326.000 	 -3.44055 	 0.378677	 -2.83556 	 0.31209	 -3.31817 	 0.365208
-1324.000 	 -3.22507 	 0.353713	 -2.61481 	 0.286782	 -3.16343 	 0.346953
-1322.000 	 -3.21661 	 0.350032	 -2.6063 	 0.283617	 -3.15725 	 0.343572
-1320.000 	 -2.68504 	 0.303586	 -2.09185 	 0.236517	 -2.75139 	 0.311087
-1318.000 	 -2.40525 	 0.28327	 -1.83667 	 0.216307	 -2.52308 	 0.297147
-1316.000 	 -2.66431 	 0.286807	 -2.07259 	 0.22311	 -2.73484 	 0.294399
-1314.000 	 -2.75907 	 0.297355	 -2.16111 	 0.23291	 -2.81004 	 0.302847
-1312.000 	 -2.92633 	 0.312872	 -2.32037 	 0.248085	 -2.93995 	 0.314328
-1310.000 	 -3.09294 	 0.32875	 -2.48296 	 0.263915	 -3.0659 	 0.325877
-1308.000 	 -3.65292 	 0.380266	 -3.06037 	 0.318582	 -3.46568 	 0.360774
-1306.000 	 -4.15211 	 0.424557	 -3.61926 	 0.370072	 -3.79422 	 0.387962
-1304.000 	 -4.32176 	 0.447548	 -3.81963 	 0.395549	 -3.90043 	 0.403916
-1302.000 	 -4.45059 	 0.46412	 -3.97556 	 0.414582	 -3.97934 	 0.414977
-1300.000 	 -4.5598 	 0.480459	 -4.11037 	 0.433103	 -4.0451 	 0.426226
-1298.000 	 -4.60688 	 0.492863	 -4.16926 	 0.446044	 -4.07313 	 0.43576
-1296.000 	 -4.16736 	 0.464698	 -3.63704 	 0.405562	 -3.80387 	 0.424165
-1294.000 	 -3.88809 	 0.433553	 -3.31815 	 0.37	 -3.62353 	 0.404052
-1292.000 	 -4.42936 	 0.467827	 -3.94963 	 0.417159	 -3.96644 	 0.418934
-1290.000 	 -4.92691 	 0.521079	 -4.58222 	 0.484625	 -4.25879 	 0.450419
-1288.000 	 -4.1132 	 0.453395	 -3.57407 	 0.393967	 -3.76948 	 0.415506
-1286.000 	 -2.8731 	 0.345312	 -2.26926 	 0.272738	 -2.89899 	 0.348424
-1284.000 	 -2.28828 	 0.283871	 -1.73296 	 0.214982	 -2.4244 	 0.300757
-1282.000 	 -2.43007 	 0.266407	 -1.85889 	 0.203789	 -2.54377 	 0.278872
-1280.000 	 -2.1839 	 0.241656	 -1.64185 	 0.181676	 -2.33465 	 0.258337
-1278.000 	 -2.69975 	 0.294641	 -2.10556 	 0.229792	 -2.7631 	 0.301554
-1276.000 	 -3.39307 	 0.356638	 -2.7863 	 0.292861	 -3.28452 	 0.345229
-1274.000 	 -3.6049 	 0.375208	 -3.00889 	 0.313173	 -3.43275 	 0.35729
-1272.000 	 -3.65017 	 0.37466	 -3.05741 	 0.313818	 -3.4638 	 0.355531
-1270.000 	 -3.68896 	 0.384197	 -3.09926 	 0.322781	 -3.49024 	 0.363501
-1268.000 	 -3.8214 	 0.400206	 -3.24407 	 0.339744	 -3.57934 	 0.374856
-1266.000 	 -3.94258 	 0.41266	 -3.37926 	 0.353698	 -3.65931 	 0.383011
-1264.000 	 -4.16641 	 0.435475	 -3.63593 	 0.380029	 -3.80327 	 0.39752
-1262.000 	 -4.05276 	 0.426273	 -3.50444 	 0.368601	 -3.73077 	 0.392406
-1260.000 	 -3.66839 	 0.391391	 -3.07704 	 0.328297	 -3.47624 	 0.37089
-1258.000 	 -3.82308 	 0.407673	 -3.24593 	 0.346128	 -3.58045 	 0.381801
-1256.000 	 -4.70691 	 0.489204	 -4.29593 	 0.446489	 -4.13207 	 0.429459
-1254.000 	 -5.01339 	 0.524213	 -4.69778 	 0.491211	 -4.30756 	 0.450409
-1252.000 	 -4.90312 	 0.518554	 -4.55074 	 0.481287	 -4.24528 	 0.448981
-1250.000 	 -4.84647 	 0.516178	 -4.4763 	 0.476752	 -4.21291 	 0.4487
-1248.000 	 -4.39371 	 0.476474	 -3.9063 	 0.423617	 -3.94468 	 0.427779
-1246.000 	 -3.30144 	 0.382776	 -2.69222 	 0.312142	 -3.21887 	 0.373203
-1244.000 	 -1.86448 	 0.243833	 -1.37111 	 0.179311	 -2.04969 	 0.268054
-1242.000 	 -1.18723 	 0.16176	 -0.834444 	 0.113694	 -1.38863 	 0.189201
-1240.000 	 -0.509558 	 0.107978	 -0.342963 	 0.0726755	 -0.636745 	 0.134929
-1238.000 	 -0.896204 	 0.132204	 -0.618148 	 0.0911868	 -1.07785 	 0.159001
-1236.000 	 -1.06796 	 0.156922	 -0.744815 	 0.10944	 -1.26335 	 0.185632
-1234.000 	 -1.1882 	 0.163446	 -0.835185 	 0.114886	 -1.38964 	 0.191156
-1232.000 	 -1.61182 	 0.180946	 -1.16519 	 0.130806	 -1.81257 	 0.203483
-1230.000 	 -2.30091 	 0.242083	 -1.74407 	 0.183497	 -2.43515 	 0.256206
-1228.000 	 -2.81281 	 0.292008	 -2.21185 	 0.229621	 -2.85216 	 0.296094
-1226.000 	 -3.45014 	 0.354459	 -2.84556 	 0.292345	 -3.32494 	 0.341596
-1224.000 	 -4.17877 	 0.425096	 -3.65037 	 0.371344	 -3.81108 	 0.387692
-1222.000 	 -4.69762 	 0.476323	 -4.28407 	 0.434391	 -4.12663 	 0.418427
-1220.000 	 -4.25178 	 0.436182	 -3.7363 	 0.3833	 -3.85693 	 0.395676
-1218.000 	 -3.36938 	 0.365067	 -2.76185 	 0.299242	 -3.26764 	 0.354044
-1216.000 	 -3.71969 	 0.404175	 -3.13259 	 0.340382	 -3.51107 	 0.381507
-1214.000 	 -4.51354 	 0.481274	 -4.05296 	 0.432163	 -4.01737 	 0.428368
-1212.000 	 -4.75744 	 0.513531	 -4.36074 	 0.47071	 -4.16152 	 0.449206
-1210.000 	 -4.84845 	 0.521421	 -4.47889 	 0.481676	 -4.21405 	 0.453195
-1208.000 	 -4.83371 	 0.51666	 -4.45963 	 0.476675	 -4.20559 	 0.449522
-1206.000 	 -4.72284 	 0.506782	 -4.3163 	 0.463158	 -4.14137 	 0.444388
-1204.000 	 -4.50334 	 0.488493	 -4.04037 	 0.438273	 -4.01123 	 0.435112
-1202.000 	 -4.7887 	 0.519378	 -4.40111 	 0.477341	 -4.17964 	 0.45332
-1200.000 	 -4.89076 	 0.532225	 -4.53444 	 0.49345	 -4.23824 	 0.461216
-1198.000 	 -4.78784 	 0.52427	 -4.4 	 0.481801	 -4.17914 	 0.457617
-1196.000 	 -4.28111 	 0.481574	 -3.77111 	 0.424204	 -3.87522 	 0.435915
-1194.000 	 -3.92183 	 0.43731	 -3.35593 	 0.374207	 -3.64572 	 0.406521
-1192.000 	 -3.59449 	 0.404145	 -2.99778 	 0.337054	 -3.42558 	 0.385154
-1190.000 	 -2.70293 	 0.317413	 -2.10852 	 0.247609	 -2.76562 	 0.324775
-1188.000 	 -3.10043 	 0.324881	 -2.49037 	 0.260955	 -3.07149 	 0.321848
-1186.000 	 -2.66431 	 0.286281	 -2.07259 	 0.222701	 -2.73484 	 0.293859
-1184.000 	 -3.05911 	 0.322464	 -2.44963 	 0.258218	 -3.04061 	 0.320513
-1182.000 	 -2.93861 	 0.310292	 -2.33222 	 0.246263	 -2.94935 	 0.311427
-1180.000 	 -2.93401 	 0.313077	 -2.32778 	 0.248388	 -2.94583 	 0.314338
-1178.000 	 -2.90131 	 0.309289	 -2.2963 	 0.244792	 -2.92074 	 0.31136
-1176.000 	 -3.10342 	 0.327071	 -2.49333 	 0.262774	 -3.07372 	 0.323941
-1174.000 	 -2.77598 	 0.309232	 -2.17704 	 0.242512	 -2.82333 	 0.314507
-1172.000 	 -2.2967 	 0.282629	 -1.74037 	 0.214167	 -2.43157 	 0.299225
-1170.000 	 -1.7524 	 0.248977	 -1.27889 	 0.181702	 -1.94583 	 0.276459
-1168.000 	 -1.62613 	 0.240808	 -1.17667 	 0.174248	 -1.8263 	 0.27045
-1166.000 	 -2.05626 	 0.242731	 -1.53222 	 0.180871	 -2.22268 	 0.262377
-1164.000 	 -2.3219 	 0.26517	 -1.76259 	 0.201295	 -2.45296 	 0.280137
-1162.000 	 -2.36245 	 0.271258	 -1.79852 	 0.206507	 -2.4872 	 0.285582
-1160.000 	 -2.3953 	 0.273153	 -1.82778 	 0.208434	 -2.51476 	 0.286776
-1158.000 	 -2.90902 	 0.320572	 -2.3037 	 0.253867	 -2.92667 	 0.322517
-1156.000 	 -3.26939 	 0.35302	 -2.65963 	 0.28718	 -3.19569 	 0.345062
-1154.000 	 -3.27231 	 0.352344	 -2.66259 	 0.286693	 -3.19781 	 0.344322
-1152.000 	 -3.29235 	 0.361788	 -2.68296 	 0.294824	 -3.21231 	 0.352992
-1150.000 	 -3.80898 	 0.410341	 -3.23037 	 0.348007	 -3.57106 	 0.384709
-1148.000 	 -4.03431 	 0.437485	 -3.48333 	 0.377736	 -3.71889 	 0.40328
-1146.000 	 -4.04111 	 0.443113	 -3.49111 	 0.382804	 -3.72327 	 0.408261
-1144.000 	 -3.97113 	 0.440841	 -3.41148 	 0.378714	 -3.67794 	 0.408293
-1142.000 	 -4.20026 	 0.456672	 -3.67556 	 0.399624	 -3.82462 	 0.415832
-1140.000 	 -4.14989 	 0.443931	 -3.61667 	 0.38689	 -3.79281 	 0.405732
-1138.000 	 -4.50664 	 0.475566	 -4.04444 	 0.426793	 -4.01322 	 0.423498
-1136.000 	 -4.80013 	 0.509327	 -4.41593 	 0.46856	 -4.18624 	 0.444189
-1134.000 	 -4.47506 	 0.485177	 -4.00556 	 0.434274	 -3.99417 	 0.43304
-1132.000 	 -4.31186 	 0.469677	 -3.80778 	 0.414769	 -3.8943 	 0.424194
-1130.000 	 -4.77237 	 0.513472	 -4.38 	 0.471255	 -4.17019 	 0.448681
-1128.000 	 -5.28497 	 0.562553	 -5.07222 	 0.539907	 -4.45694 	 0.474414
-1126.000 	 -4.9753 	 0.540103	 -4.64667 	 0.504428	 -4.28615 	 0.465291
-1124.000 	 -4.77467 	 0.51968	 -4.38296 	 0.477046	 -4.17152 	 0.454032
-1122.000 	 -4.09205 	 0.459489	 -3.54963 	 0.398581	 -3.75597 	 0.421751
-1120.000 	 -3.81469 	 0.436491	 -3.23667 	 0.370351	 -3.57487 	 0.409049
-1118.000 	 -3.48026 	 0.402093	 -2.87704 	 0.3324	 -3.34612 	 0.386596
-1116.000 	 -3.74179 	 0.4139	 -3.15667 	 0.349176	 -3.526 	 0.39003
-1114.000 	 -3.20667 	 0.347111	 -2.5963 	 0.28104	 -3.14997 	 0.340974
-1112.000 	 -3.00312 	 0.321147	 -2.39481 	 0.256096	 -2.99843 	 0.320645
-1110.000 	 -2.86418 	 0.32071	 -2.26074 	 0.253141	 -2.89209 	 0.323835
-1108.000 	 -2.97877 	 0.327882	 -2.37111 	 0.260996	 -2.97996 	 0.328014
-1106.000 	 -3.24782 	 0.35076	 -2.63778 	 0.284877	 -3.18002 	 0.343438
-1104.000 	 -3.9744 	 0.415548	 -3.41519 	 0.357078	 -3.68007 	 0.384773
-1102.000 	 -4.28174 	 0.447449	 -3.77185 	 0.394165	 -3.8756 	 0.405007
-1100.000 	 -4.65769 	 0.490387	 -4.23333 	 0.445708	 -4.10317 	 0.432004
-1098.000 	 -4.50004 	 0.487174	 -4.0363 	 0.436969	 -4.00924 	 0.43404
-1096.000 	 -3.86916 	 0.44516	 -3.29704 	 0.379336	 -3.61103 	 0.415461
-1094.000 	 -3.3737 	 0.389963	 -2.7663 	 0.319754	 -3.27072 	 0.37806
-1092.000 	 -3.3859 	 0.39172	 -2.77889 	 0.321494	 -3.27942 	 0.379401
-1090.000 	 -3.15116 	 0.381333	 -2.54074 	 0.307464	 -3.10913 	 0.376247
-1088.000 	 -2.83854 	 0.356276	 -2.2363 	 0.280686	 -2.87221 	 0.360501
-1086.000 	 -2.3953 	 0.31882	 -1.82778 	 0.243281	 -2.51476 	 0.334721
-1084.000 	 -2.37661 	 0.313923	 -1.81111 	 0.239227	 -2.4991 	 0.330103
-1082.000 	 -2.52561 	 0.331964	 -1.94519 	 0.255673	 -2.6226 	 0.344713
-1080.000 	 -2.39862 	 0.33115	 -1.83074 	 0.25275	 -2.51754 	 0.347568
-1078.000 	 -1.9599 	 0.225774	 -1.45074 	 0.167121	 -2.13649 	 0.246117
-1076.000 	 -1.86939 	 0.216144	 -1.37519 	 0.159002	 -2.05419 	 0.237511
-1074.000 	 -1.05006 	 0.131858	 -0.731481 	 0.0918535	 -1.24431 	 0.15625
-1072.000 	 -0.726811 	 0.122864	 -0.495926 	 0.0838343	 -0.888745 	 0.150239
-1070.000 	 -0.866696 	 0.112047	 -0.596667 	 0.0771378	 -1.04536 	 0.135145
-1068.000 	 -1.66295 	 0.178214	 -1.2063 	 0.129275	 -1.86144 	 0.199484
-1066.000 	 -2.58643 	 0.267613	 -2.00074 	 0.207013	 -2.67214 	 0.276481
-1064.000 	 -3.88942 	 0.393558	 -3.31963 	 0.335903	 -3.6244 	 0.366742
-1062.000 	 -4.73093 	 0.4788	 -4.32667 	 0.437886	 -4.1461 	 0.419611
-1060.000 	 -5.2283 	 0.532837	 -4.99259 	 0.508815	 -4.42622 	 0.451094
-1058.000 	 -5.14395 	 0.527153	 -4.87556 	 0.499648	 -4.38007 	 0.44887
-1056.000 	 -4.89076 	 0.508124	 -4.53444 	 0.471104	 -4.23824 	 0.44033
-1054.000 	 -4.79127 	 0.505057	 -4.40444 	 0.464281	 -4.18113 	 0.440741
-1052.000 	 -4.70604 	 0.50059	 -4.29481 	 0.456847	 -4.13156 	 0.439481
-1050.000 	 -4.5291 	 0.487143	 -4.07222 	 0.438003	 -4.02671 	 0.433108
-1048.000 	 -4.48952 	 0.484227	 -4.02333 	 0.433945	 -4.0029 	 0.431741
-1046.000 	 -4.70081 	 0.502666	 -4.28815 	 0.458539	 -4.1285 	 0.441468
-1044.000 	 -4.49884 	 0.491285	 -4.03481 	 0.440613	 -4.00852 	 0.437741
-1042.000 	 -4.46027 	 0.496597	 -3.98741 	 0.44395	 -3.98521 	 0.443705
-1040.000 	 -4.7583 	 0.528632	 -4.36185 	 0.484588	 -4.16203 	 0.462388
-1038.000 	 -4.90256 	 0.538211	 -4.55 	 0.499507	 -4.24496 	 0.466019
-1036.000 	 -4.55682 	 0.509671	 -4.10667 	 0.459322	 -4.04332 	 0.452236
-1034.000 	 -3.7098 	 0.43555	 -3.12185 	 0.366521	 -3.50438 	 0.411432
-1032.000 	 -3.2555 	 0.38392	 -2.64556 	 0.311989	 -3.18561 	 0.375677
-1030.000 	 -3.1649 	 0.351448	 -2.55444 	 0.28366	 -3.11927 	 0.346382
-1028.000 	 -3.63879 	 0.38164	 -3.04519 	 0.319381	 -3.45602 	 0.36247
-1026.000 	 -2.94896 	 0.319024	 -2.34222 	 0.253386	 -2.95726 	 0.319922
-1024.000 	 -2.31645 	 0.258921	 -1.75778 	 0.196476	 -2.44834 	 0.273664
-1022.000 	 -2.56662 	 0.290885	 -1.98259 	 0.224695	 -2.65606 	 0.301022
-1020.000 	 -3.24232 	 0.349161	 -2.63222 	 0.283461	 -3.17601 	 0.342021
-1018.000 	 -3.38339 	 0.360079	 -2.7763 	 0.295469	 -3.27763 	 0.348824
-1016.000 	 -3.48803 	 0.369602	 -2.88519 	 0.305723	 -3.35157 	 0.355143
-1014.000 	 -4.27301 	 0.445139	 -3.76148 	 0.39185	 -3.87018 	 0.403173
-1012.000 	 -4.76175 	 0.497355	 -4.3663 	 0.45605	 -4.16403 	 0.434923
-1010.000 	 -4.68919 	 0.498604	 -4.27333 	 0.454386	 -4.12169 	 0.438262
-1008.000 	 -4.64979 	 0.498541	 -4.22333 	 0.452817	 -4.09851 	 0.439434
-1006.000 	 -4.73555 	 0.50753	 -4.33259 	 0.464344	 -4.14879 	 0.444644
-1004.000 	 -4.40775 	 0.482635	 -3.92333 	 0.429593	 -3.95326 	 0.43287
-1002.000 	 -3.74586 	 0.424697	 -3.16111 	 0.358399	 -3.52874 	 0.40008
-1000.000 	 -2.90478 	 0.342654	 -2.29963 	 0.271269	 -2.92341 	 0.344852
-998.000 	 -2.71721 	 0.323978	 -2.12185 	 0.252993	 -2.77696 	 0.331102
-996.000 	 -3.3145 	 0.383807	 -2.70556 	 0.313293	 -3.22829 	 0.373824
-994.000 	 -3.72344 	 0.411411	 -3.13667 	 0.346577	 -3.51361 	 0.388226
-992.000 	 -4.13652 	 0.446804	 -3.60111 	 0.388973	 -3.78432 	 0.408762
-990.000 	 -4.50964 	 0.481143	 -4.04815 	 0.431905	 -4.01502 	 0.428371
-988.000 	 -4.75313 	 0.503443	 -4.35519 	 0.461293	 -4.15902 	 0.440516
-986.000 	 -4.64393 	 0.495563	 -4.21593 	 0.44989	 -4.09506 	 0.436992
-984.000 	 -3.89041 	 0.430164	 -3.32074 	 0.367175	 -3.62506 	 0.400824
-982.000 	 -2.84516 	 0.338935	 -2.24259 	 0.267153	 -2.87735 	 0.34277
-980.000 	 -2.28112 	 0.288806	 -1.72667 	 0.218608	 -2.41829 	 0.306173
-978.000 	 -2.9719 	 0.326128	 -2.36444 	 0.259467	 -2.97474 	 0.326439
-976.000 	 -3.50179 	 0.359516	 -2.89963 	 0.297695	 -3.36121 	 0.345083
-974.000 	 -3.9508 	 0.407426	 -3.38852 	 0.349441	 -3.66468 	 0.37792
-972.000 	 -4.34122 	 0.444795	 -3.84296 	 0.393745	 -3.91244 	 0.400863
-970.000 	 -4.72602 	 0.490656	 -4.32037 	 0.448542	 -4.14323 	 0.430151
-968.000 	 -5.03043 	 0.527647	 -4.72074 	 0.495164	 -4.31709 	 0.452825
-966.000 	 -5.57694 	 0.576589	 -5.49556 	 0.568174	 -4.61149 	 0.476773
-964.000 	 -5.67458 	 0.587747	 -5.64222 	 0.584396	 -4.66184 	 0.482853
-962.000 	 -4.78097 	 0.515115	 -4.39111 	 0.473111	 -4.17517 	 0.449845
-960.000 	 -2.99818 	 0.355217	 -2.39 	 0.283161	 -2.99469 	 0.354802
-958.000 	 -1.38418 	 0.223359	 -0.985556 	 0.159034	 -1.58943 	 0.256479
-956.000 	 -0.80272 	 0.141404	 -0.55037 	 0.0969509	 -0.974266 	 0.171623
-954.000 	 -0.532988 	 0.118934	 -0.359259 	 0.0801672	 -0.664453 	 0.14827
-952.000 	 -1.14358 	 0.154647	 -0.801481 	 0.108385	 -1.34311 	 0.18163
-950.000 	 -1.59747 	 0.195129	 -1.1537 	 0.140923	 -1.79878 	 0.219719
-948.000 	 -2.47369 	 0.266695	 -1.89815 	 0.204644	 -2.57992 	 0.278148
-946.000 	 -3.0054 	 0.311212	 -2.39704 	 0.248216	 -3.00015 	 0.310669
-944.000 	 -3.42202 	 0.350071	 -2.8163 	 0.288105	 -3.30507 	 0.338107
-942.000 	 -3.97309 	 0.407975	 -3.4137 	 0.350535	 -3.67922 	 0.377799
-940.000 	 -4.42085 	 0.457896	 -3.93926 	 0.408015	 -3.96125 	 0.410293
-938.000 	 -4.75054 	 0.495279	 -4.35185 	 0.453713	 -4.15751 	 0.433452
-936.000 	 -4.81837 	 0.506947	 -4.43963 	 0.467099	 -4.19676 	 0.441547
-934.000 	 -4.97917 	 0.526033	 -4.65185 	 0.491452	 -4.28833 	 0.453048
-932.000 	 -4.95671 	 0.529872	 -4.62185 	 0.494076	 -4.27567 	 0.457068
-930.000 	 -5.03043 	 0.535203	 -4.72074 	 0.502255	 -4.31709 	 0.459309
-928.000 	 -5.31401 	 0.562476	 -5.11333 	 0.541235	 -4.47258 	 0.473413
-926.000 	 -5.5164 	 0.586239	 -5.40593 	 0.574499	 -4.57994 	 0.48672
-924.000 	 -5.57495 	 0.596184	 -5.49259 	 0.587377	 -4.61046 	 0.493042
-922.000 	 -5.46992 	 0.589839	 -5.33778 	 0.575589	 -4.55554 	 0.491239
-920.000 	 -5.00155 	 0.546477	 -4.68185 	 0.511546	 -4.30091 	 0.469924
-918.000 	 -3.93205 	 0.446468	 -3.36741 	 0.382355	 -3.65242 	 0.414717
-916.000 	 -3.31668 	 0.381376	 -2.70778 	 0.311361	 -3.22986 	 0.371393
-914.000 	 -3.35318 	 0.364167	 -2.74519 	 0.298136	 -3.25606 	 0.353619
-912.000 	 -3.85383 	 0.420573	 -3.28 	 0.35795	 -3.60088 	 0.392969
-910.000 	 -3.7861 	 0.404738	 -3.20519 	 0.342637	 -3.55577 	 0.380114
-908.000 	 -3.84883 	 0.408802	 -3.27444 	 0.347794	 -3.59757 	 0.382115
-906.000 	 -4.28547 	 0.446358	 -3.7763 	 0.393324	 -3.87793 	 0.40391
-904.000 	 -4.50934 	 0.466592	 -4.04778 	 0.418833	 -4.01484 	 0.415425
-902.000 	 -4.67025 	 0.484416	 -4.24926 	 0.440749	 -4.11057 	 0.426363
-900.000 	 -4.89891 	 0.509535	 -4.54519 	 0.472744	 -4.24288 	 0.441302
-898.000 	 -5.01284 	 0.525095	 -4.69704 	 0.492015	 -4.30725 	 0.451184
-896.000 	 -4.95755 	 0.524477	 -4.62296 	 0.48908	 -4.27614 	 0.452388
-894.000 	 -4.72573 	 0.505222	 -4.32 	 0.461846	 -4.14306 	 0.44293
-892.000 	 -4.5279 	 0.486059	 -4.07074 	 0.436984	 -4.026 	 0.432181
-890.000 	 -4.61395 	 0.496146	 -4.17815 	 0.449283	 -4.07733 	 0.438442
-888.000 	 -4.81381 	 0.516277	 -4.4337 	 0.475511	 -4.19414 	 0.449817
-886.000 	 -4.77753 	 0.517877	 -4.38667 	 0.475508	 -4.17318 	 0.452366
-884.000 	 -4.60835 	 0.507845	 -4.17111 	 0.459661	 -4.07401 	 0.448959
-882.000 	 -4.89329 	 0.533151	 -4.53778 	 0.494415	 -4.23968 	 0.461936
-880.000 	 -5.10022 	 0.549737	 -4.81556 	 0.519054	 -4.35592 	 0.469512
-878.000 	 -5.20228 	 0.562749	 -4.9563 	 0.53614	 -4.41204 	 0.477266
-876.000 	 -5.07006 	 0.558325	 -4.77444 	 0.525771	 -4.33919 	 0.47784
-874.000 	 -5.12672 	 0.564295	 -4.85185 	 0.534041	 -4.37057 	 0.481066
-872.000 	 -4.77295 	 0.535375	 -4.38074 	 0.491382	 -4.17052 	 0.467802
-870.000 	 -4.07533 	 0.462704	 -3.53037 	 0.40083	 -3.74527 	 0.425229
-868.000 	 -3.28652 	 0.377508	 -2.67704 	 0.307499	 -3.2081 	 0.3685
-866.000 	 -2.95202 	 0.340852	 -2.34519 	 0.270784	 -2.9596 	 0.341727
-864.000 	 -2.75947 	 0.298101	 -2.16148 	 0.233501	 -2.81035 	 0.303597
-862.000 	 -1.69091 	 0.209438	 -1.22889 	 0.152212	 -1.88796 	 0.233844
-860.000 	 -1.82731 	 0.215035	 -1.34037 	 0.157733	 -2.01547 	 0.237177
-858.000 	 -1.39513 	 0.174767	 -0.994074 	 0.124526	 -1.60038 	 0.200478
-856.000 	 -2.05539 	 0.23247	 -1.53148 	 0.173215	 -2.22191 	 0.251304
-854.000 	 -2.84321 	 0.303184	 -2.24074 	 0.238939	 -2.87584 	 0.306662
-852.000 	 -2.74015 	 0.29248	 -2.14333 	 0.228777	 -2.79511 	 0.298347
-850.000 	 -2.46466 	 0.266063	 -1.89 	 0.204027	 -2.57246 	 0.2777
-848.000 	 -2.48353 	 0.268949	 -1.90704 	 0.206519	 -2.58804 	 0.280267
-846.000 	 -2.86767 	 0.302612	 -2.26407 	 0.238917	 -2.89479 	 0.305474
-844.000 	 -3.30834 	 0.344546	 -2.69926 	 0.281114	 -3.22385 	 0.335747
-842.000 	 -4.24489 	 0.434554	 -3.72815 	 0.381655	 -3.85263 	 0.394398
-840.000 	 -4.71907 	 0.484343	 -4.31148 	 0.44251	 -4.13918 	 0.424825
-838.000 	 -4.16514 	 0.438364	 -3.63444 	 0.382511	 -3.80246 	 0.400194
-836.000 	 -3.58719 	 0.395718	 -2.99 	 0.32984	 -3.42054 	 0.377335
-834.000 	 -3.87015 	 0.419176	 -3.29815 	 0.357222	 -3.61169 	 0.391182
-832.000 	 -4.24865 	 0.460527	 -3.73259 	 0.40459	 -3.85497 	 0.417856
-830.000 	 -3.94521 	 0.440012	 -3.38222 	 0.377221	 -3.66103 	 0.408317
-828.000 	 -3.81704 	 0.431789	 -3.23926 	 0.366429	 -3.57643 	 0.404571
-826.000 	 -3.69956 	 0.425021	 -3.11074 	 0.357375	 -3.49744 	 0.401801
-824.000 	 -3.35354 	 0.395751	 -2.74556 	 0.324002	 -3.25632 	 0.384277
-822.000 	 -3.05911 	 0.368577	 -2.44963 	 0.295144	 -3.04061 	 0.366348
-820.000 	 -3.21956 	 0.372394	 -2.60926 	 0.301803	 -3.1594 	 0.365436
-818.000 	 -3.56699 	 0.40178	 -2.96852 	 0.334369	 -3.40658 	 0.383712
-816.000 	 -3.97767 	 0.438806	 -3.41889 	 0.377162	 -3.6822 	 0.40621
-814.000 	 -4.73757 	 0.507272	 -4.33519 	 0.464187	 -4.14996 	 0.444355
-812.000 	 -4.97641 	 0.532939	 -4.64815 	 0.497785	 -4.28677 	 0.459084
-810.000 	 -5.18228 	 0.552718	 -4.92852 	 0.525653	 -4.4011 	 0.469401
-808.000 	 -5.26685 	 0.563459	 -5.04667 	 0.539903	 -4.44714 	 0.475765
-806.000 	 -5.41562 	 0.57988	 -5.25889 	 0.563098	 -4.52685 	 0.484714
-804.000 	 -5.5395 	 0.593047	 -5.44 	 0.582396	 -4.59201 	 0.491611
-802.000 	 -5.60127 	 0.601901	 -5.53185 	 0.594441	 -4.6241 	 0.496896
-800.000 	 -5.4717 	 0.590203	 -5.34037 	 0.576038	 -4.55648 	 0.491484
-798.000 	 -5.14395 	 0.559235	 -4.87556 	 0.530056	 -4.38007 	 0.476188
-796.000 	 -5.10293 	 0.550263	 -4.81926 	 0.519674	 -4.35742 	 0.469873
-794.000 	 -4.34892 	 0.4839	 -3.85222 	 0.428633	 -3.91718 	 0.435861
-792.000 	 -3.50848 	 0.401573	 -2.90667 	 0.332691	 -3.36588 	 0.385252
-790.000 	 -2.67349 	 0.300529	 -2.08111 	 0.233939	 -2.74217 	 0.308249
-788.000 	 -3.17897 	 0.335506	 -2.56852 	 0.271079	 -3.12964 	 0.3303
-786.000 	 -2.00911 	 0.23122	 -1.49222 	 0.171733	 -2.1807 	 0.250966
-784.000 	 -2.15177 	 0.243191	 -1.61407 	 0.182421	 -2.3067 	 0.260701
-782.000 	 -1.99026 	 0.229658	 -1.4763 	 0.170351	 -2.16381 	 0.249683
-780.000 	 -2.01743 	 0.233025	 -1.49926 	 0.173173	 -2.18813 	 0.252741
-778.000 	 -2.46877 	 0.27303	 -1.8937 	 0.209431	 -2.57586 	 0.284873
-776.000 	 -3.14298 	 0.333631	 -2.53259 	 0.268838	 -3.10308 	 0.329396
-774.000 	 -3.7231 	 0.385741	 -3.1363 	 0.324944	 -3.51338 	 0.364012
-772.000 	 -4.24927 	 0.438108	 -3.73333 	 0.384913	 -3.85537 	 0.397495
-770.000 	 -4.65125 	 0.479569	 -4.22519 	 0.435639	 -4.09938 	 0.422668
-768.000 	 -4.86795 	 0.505031	 -4.50444 	 0.467319	 -4.22522 	 0.43835
-766.000 	 -5.0853 	 0.531442	 -4.79519 	 0.501123	 -4.34765 	 0.454354
-764.000 	 -4.92467 	 0.518588	 -4.57926 	 0.482214	 -4.25753 	 0.448335
-762.000 	 -4.8592 	 0.513958	 -4.49296 	 0.475221	 -4.22021 	 0.446372
-760.000 	 -4.80127 	 0.510857	 -4.41741 	 0.470014	 -4.1869 	 0.445488
-758.000 	 -5.3325 	 0.562575	 -5.13963 	 0.542227	 -4.48252 	 0.472902
-756.000 	 -5.53398 	 0.588361	 -5.43185 	 0.577503	 -4.58913 	 0.487907
-754.000 	 -5.45341 	 0.584312	 -5.3137 	 0.569343	 -4.54684 	 0.487177
-752.000 	 -5.13992 	 0.55722	 -4.87 	 0.527958	 -4.37785 	 0.474603
-750.000 	 -5.15926 	 0.557597	 -4.89667 	 0.529217	 -4.38848 	 0.474294
-748.000 	 -5.30199 	 0.570557	 -5.0963 	 0.548421	 -4.46612 	 0.480607
-746.000 	 -4.8975 	 0.532092	 -4.54333 	 0.493613	 -4.24208 	 0.460883
-744.000 	 -3.99074 	 0.452192	 -3.4337 	 0.389074	 -3.69069 	 0.418193
-742.000 	 -3.30688 	 0.379142	 -2.69778 	 0.309307	 -3.2228 	 0.369502
-740.000 	 -3.65602 	 0.396809	 -3.0637 	 0.332522	 -3.4678 	 0.376381
-738.000 	 -4.36429 	 0.457045	 -3.87074 	 0.405358	 -3.92664 	 0.411212
-736.000 	 -4.2474 	 0.455305	 -3.73111 	 0.399962	 -3.85419 	 0.413155
-734.000 	 -3.87514 	 0.415098	 -3.3037 	 0.353887	 -3.61498 	 0.387231
-732.000 	 -3.8778 	 0.41223	 -3.30667 	 0.351516	 -3.61674 	 0.384478
-730.000 	 -4.09076 	 0.4393	 -3.54815 	 0.38103	 -3.75515 	 0.403259
-728.000 	 -4.53268 	 0.47952	 -4.07667 	 0.431277	 -4.02887 	 0.42622
-726.000 	 -4.90536 	 0.517726	 -4.5537 	 0.480611	 -4.24655 	 0.448194
-724.000 	 -5.4422 	 0.574048	 -5.29741 	 0.558776	 -4.54092 	 0.478981
-722.000 	 -5.71281 	 0.604204	 -5.70037 	 0.602888	 -4.68138 	 0.495117
-720.000 	 -5.77097 	 0.611105	 -5.78963 	 0.61308	 -4.71091 	 0.498852
-718.000 	 -5.4087 	 0.580657	 -5.24889 	 0.563501	 -4.52317 	 0.485591
-716.000 	 -4.45362 	 0.499103	 -3.97926 	 0.445943	 -3.98118 	 0.446158
-714.000 	 -3.42809 	 0.385602	 -2.82259 	 0.317495	 -3.30936 	 0.372248
-712.000 	 -2.87039 	 0.320919	 -2.26667 	 0.253421	 -2.89689 	 0.323882
-710.000 	 -3.51376 	 0.382376	 -2.91222 	 0.316915	 -3.36957 	 0.366685
-708.000 	 -3.51129 	 0.387083	 -2.90963 	 0.320756	 -3.36785 	 0.37127
-706.000 	 -2.97037 	 0.331786	 -2.36296 	 0.263939	 -2.97358 	 0.332144
-704.000 	 -2.49418 	 0.314651	 -1.91667 	 0.241795	 -2.59681 	 0.327598
-702.000 	 -2.29165 	 0.300482	 -1.73593 	 0.227615	 -2.42727 	 0.318265
-700.000 	 -2.07494 	 0.27992	 -1.54815 	 0.208853	 -2.23923 	 0.302083
-698.000 	 -1.97619 	 0.258688	 -1.46444 	 0.191699	 -2.15117 	 0.281593
-696.000 	 -2.41643 	 0.258164	 -1.84667 	 0.197292	 -2.53241 	 0.270555
-694.000 	 -2.95968 	 0.308924	 -2.35259 	 0.245558	 -2.96543 	 0.309525
-692.000 	 -3.35318 	 0.350493	 -2.74519 	 0.286942	 -3.25606 	 0.340342
-690.000 	 -3.88311 	 0.398284	 -3.31259 	 0.339767	 -3.62025 	 0.371322
-688.000 	 -4.73093 	 0.481334	 -4.32667 	 0.440204	 -4.1461 	 0.421832
-686.000 	 -4.89442 	 0.504273	 -4.53926 	 0.467681	 -4.24032 	 0.436882
-684.000 	 -4.63982 	 0.486137	 -4.21074 	 0.44118	 -4.09263 	 0.428805
-682.000 	 -4.48139 	 0.475033	 -4.01333 	 0.425418	 -3.99799 	 0.423792
-680.000 	 -4.7127 	 0.501878	 -4.30333 	 0.458282	 -4.13546 	 0.440404
-678.000 	 -4.98084 	 0.529058	 -4.65407 	 0.49435	 -4.28927 	 0.455601
-676.000 	 -5.27 	 0.557733	 -5.05111 	 0.534567	 -4.44885 	 0.470829
-674.000 	 -5.37293 	 0.574607	 -5.19741 	 0.555836	 -4.50414 	 0.481695
-672.000 	 -5.1598 	 0.559587	 -4.89741 	 0.53113	 -4.38878 	 0.475968
-670.000 	 -5.206 	 0.563437	 -4.96148 	 0.536973	 -4.41407 	 0.477728
-668.000 	 -5.17613 	 0.562945	 -4.92 	 0.535088	 -4.39774 	 0.478288
-666.000 	 -5.14234 	 0.55956	 -4.87333 	 0.530288	 -4.37918 	 0.476517
-664.000 	 -5.24021 	 0.564244	 -5.00926 	 0.539376	 -4.4327 	 0.477294
-662.000 	 -5.40895 	 0.579919	 -5.24926 	 0.562798	 -4.52331 	 0.484965
-660.000 	 -5.06243 	 0.548134	 -4.76407 	 0.515829	 -4.33494 	 0.469365
-658.000 	 -4.58679 	 0.503655	 -4.14407 	 0.455042	 -4.06119 	 0.445941
-656.000 	 -4.99659 	 0.538234	 -4.67519 	 0.503613	 -4.29812 	 0.462996
-654.000 	 -5.35715 	 0.569504	 -5.17481 	 0.55012	 -4.49572 	 0.477927
-652.000 	 -5.31036 	 0.564528	 -5.10815 	 0.543032	 -4.47062 	 0.475258
-650.000 	 -5.05533 	 0.543678	 -4.75444 	 0.511319	 -4.33099 	 0.465779
-648.000 	 -4.93333 	 0.533309	 -4.59074 	 0.496274	 -4.26243 	 0.460783
-646.000 	 -4.88542 	 0.526703	 -4.52741 	 0.488105	 -4.2352 	 0.456602
-644.000 	 -4.87557 	 0.525478	 -4.51444 	 0.486557	 -4.22957 	 0.455854
-642.000 	 -5.37473 	 0.567769	 -5.2 	 0.549311	 -4.5051 	 0.475904
-640.000 	 -5.56075 	 0.588463	 -5.47148 	 0.579017	 -4.60308 	 0.487118
-638.000 	 -5.55551 	 0.5907	 -5.4637 	 0.580939	 -4.60035 	 0.489141
-636.000 	 -5.41587 	 0.578081	 -5.25926 	 0.561365	 -4.52698 	 0.483203
-634.000 	 -5.64493 	 0.59932	 -5.59741 	 0.594274	 -4.64662 	 0.49333
-632.000 	 -5.66137 	 0.605855	 -5.62222 	 0.601665	 -4.65507 	 0.498165
-630.000 	 -5.60251 	 0.597916	 -5.5337 	 0.590573	 -4.62474 	 0.493566
-628.000 	 -5.17693 	 0.557287	 -4.92111 	 0.529748	 -4.39818 	 0.473455
-626.000 	 -4.38392 	 0.486691	 -3.89444 	 0.432351	 -3.93868 	 0.437262
-624.000 	 -3.89737 	 0.42704	 -3.32852 	 0.36471	 -3.62964 	 0.397705
-622.000 	 -3.50672 	 0.40541	 -2.90481 	 0.335824	 -3.36465 	 0.388986
-620.000 	 -3.94981 	 0.422607	 -3.38741 	 0.362433	 -3.66404 	 0.392031
-618.000 	 -2.87852 	 0.305295	 -2.27444 	 0.241227	 -2.90317 	 0.30791
-616.000 	 -2.11519 	 0.253566	 -1.58259 	 0.189719	 -2.27468 	 0.272686
-614.000 	 -2.02748 	 0.241513	 -1.50778 	 0.179606	 -2.1971 	 0.261717
-612.000 	 -1.84972 	 0.216852	 -1.35889 	 0.159309	 -2.03613 	 0.238706
-610.000 	 -2.70888 	 0.288969	 -2.11407 	 0.225518	 -2.77035 	 0.295526
-608.000 	 -3.63879 	 0.375019	 -3.04519 	 0.313841	 -3.45602 	 0.356182
-606.000 	 -3.83747 	 0.393518	 -3.26185 	 0.33449	 -3.59003 	 0.368143
-604.000 	 -3.77565 	 0.39233	 -3.1937 	 0.33186	 -3.54876 	 0.368754
-602.000 	 -4.35138 	 0.447906	 -3.85519 	 0.396831	 -3.9187 	 0.403368
-600.000 	 -4.58738 	 0.47268	 -4.14481 	 0.427079	 -4.06154 	 0.418499
-598.000 	 -3.90068 	 0.413644	 -3.33222 	 0.353363	 -3.63182 	 0.385134
-596.000 	 -3.46539 	 0.378883	 -2.86148 	 0.312855	 -3.33568 	 0.364701
-594.000 	 -3.83847 	 0.414247	 -3.26296 	 0.352138	 -3.59069 	 0.387506
-592.000 	 -4.27426 	 0.452836	 -3.76296 	 0.398667	 -3.87095 	 0.410107
-590.000 	 -4.46329 	 0.473198	 -3.99111 	 0.423138	 -3.98704 	 0.422706
-588.000 	 -4.55593 	 0.487637	 -4.10556 	 0.439432	 -4.04279 	 0.432713
-586.000 	 -4.94225 	 0.523432	 -4.60259 	 0.487459	 -4.26749 	 0.451968
-584.000 	 -4.79213 	 0.506423	 -4.40556 	 0.465571	 -4.18162 	 0.441906
-582.000 	 -3.39737 	 0.386882	 -2.79074 	 0.317801	 -3.28758 	 0.37438
-580.000 	 -1.70461 	 0.235098	 -1.24 	 0.171019	 -1.90091 	 0.262172
-578.000 	 -1.36462 	 0.202788	 -0.97037 	 0.144201	 -1.56982 	 0.233281
-576.000 	 -1.66984 	 0.203964	 -1.21185 	 0.148023	 -1.86798 	 0.228167
-574.000 	 -2.48066 	 0.266346	 -1.90444 	 0.204478	 -2.58568 	 0.27762
-572.000 	 -3.7299 	 0.384342	 -3.1437 	 0.323938	 -3.51797 	 0.362504
-570.000 	 -4.24458 	 0.429271	 -3.72778 	 0.377005	 -3.85243 	 0.389611
-568.000 	 -4.19647 	 0.431427	 -3.67111 	 0.377416	 -3.82224 	 0.392953
-566.000 	 -4.01971 	 0.421787	 -3.46667 	 0.363756	 -3.70946 	 0.389232
-564.000 	 -4.42754 	 0.463676	 -3.94741 	 0.413394	 -3.96533 	 0.415271
-562.000 	 -4.81011 	 0.505512	 -4.42889 	 0.465448	 -4.192 	 0.440553
-560.000 	 -4.71183 	 0.500968	 -4.30222 	 0.457418	 -4.13495 	 0.439633
-558.000 	 -4.90928 	 0.519563	 -4.55889 	 0.48248	 -4.24879 	 0.449661
-556.000 	 -4.97336 	 0.528326	 -4.64407 	 0.493346	 -4.28506 	 0.455207
-554.000 	 -5.13777 	 0.546377	 -4.86704 	 0.517586	 -4.37666 	 0.465437
-552.000 	 -5.21291 	 0.556695	 -4.97111 	 0.530873	 -4.41784 	 0.471788
-550.000 	 -5.30696 	 0.571841	 -5.10333 	 0.549899	 -4.46879 	 0.481525
-548.000 	 -5.0381 	 0.55266	 -4.73111 	 0.518985	 -4.32138 	 0.474039
-546.000 	 -4.7318 	 0.5248	 -4.32778 	 0.479991	 -4.1466 	 0.459897
-544.000 	 -4.51144 	 0.506665	 -4.05037 	 0.454884	 -4.01611 	 0.451036
-542.000 	 -4.66675 	 0.513392	 -4.24481 	 0.466975	 -4.10851 	 0.451979
-540.000 	 -4.75169 	 0.523338	 -4.35333 	 0.479465	 -4.15818 	 0.457971
-538.000 	 -4.61366 	 0.51142	 -4.17778 	 0.463103	 -4.07715 	 0.451949
-536.000 	 -3.98454 	 0.466204	 -3.42667 	 0.400932	 -3.68666 	 0.431352
-534.000 	 -3.29162 	 0.383744	 -2.68222 	 0.312699	 -3.21178 	 0.374436
-532.000 	 -3.40417 	 0.367371	 -2.79778 	 0.301931	 -3.29241 	 0.35531
-530.000 	 -3.7248 	 0.393127	 -3.13815 	 0.33121	 -3.51453 	 0.370934
-528.000 	 -3.81234 	 0.420705	 -3.23407 	 0.356891	 -3.5733 	 0.394325
-526.000 	 -3.6598 	 0.388203	 -3.06778 	 0.325406	 -3.47038 	 0.368111
-524.000 	 -3.5127 	 0.37149	 -2.91111 	 0.307868	 -3.36883 	 0.356275
-522.000 	 -3.47566 	 0.368922	 -2.87222 	 0.30487	 -3.3429 	 0.35483
-520.000 	 -3.76618 	 0.393157	 -3.18333 	 0.332313	 -3.54241 	 0.369797
-518.000 	 -3.83413 	 0.405519	 -3.25815 	 0.3446	 -3.5878 	 0.379466
-516.000 	 -4.05599 	 0.426902	 -3.50815 	 0.369241	 -3.73285 	 0.392891
-514.000 	 -4.42541 	 0.463295	 -3.94481 	 0.412982	 -3.96403 	 0.414993
-512.000 	 -4.31867 	 0.462894	 -3.81593 	 0.409008	 -3.89851 	 0.41786
-510.000 	 -3.92216 	 0.435722	 -3.3563 	 0.372858	 -3.64594 	 0.405035
-508.000 	 -3.40738 	 0.381129	 -2.80111 	 0.313315	 -3.29469 	 0.368524
-506.000 	 -2.93017 	 0.343651	 -2.32407 	 0.272568	 -2.94289 	 0.345143
-504.000 	 -2.43213 	 0.297944	 -1.86074 	 0.227947	 -2.54548 	 0.31183
-502.000 	 -2.80812 	 0.32376	 -2.20741 	 0.254501	 -2.8485 	 0.328416
-500.000 	 -2.88857 	 0.342903	 -2.28407 	 0.271143	 -2.91093 	 0.345557
-498.000 	 -2.77677 	 0.32745	 -2.17778 	 0.256814	 -2.82395 	 0.333014
-496.000 	 -2.90092 	 0.333367	 -2.29593 	 0.263842	 -2.92044 	 0.33561
-494.000 	 -2.67349 	 0.312482	 -2.08111 	 0.243244	 -2.74217 	 0.32051
-492.000 	 -1.80573 	 0.235188	 -1.32259 	 0.172262	 -1.9955 	 0.259905
-490.000 	 -1.81113 	 0.242324	 -1.32704 	 0.177554	 -2.00051 	 0.267663
-488.000 	 -2.84671 	 0.310991	 -2.24407 	 0.245155	 -2.87855 	 0.314469
-486.000 	 -3.46646 	 0.360786	 -2.86259 	 0.297936	 -3.33643 	 0.347252
-484.000 	 -4.08659 	 0.421426	 -3.54333 	 0.365403	 -3.75248 	 0.386971
-482.000 	 -4.84307 	 0.495157	 -4.47185 	 0.457203	 -4.21096 	 0.43053
-480.000 	 -5.0948 	 0.526416	 -4.80815 	 0.496798	 -4.35292 	 0.449762
-478.000 	 -5.04631 	 0.529992	 -4.74222 	 0.498055	 -4.32596 	 0.454337
-476.000 	 -5.2328 	 0.550264	 -4.99889 	 0.525666	 -4.42867 	 0.465704
-474.000 	 -5.10862 	 0.546886	 -4.82704 	 0.516742	 -4.36057 	 0.466806
-472.000 	 -4.71734 	 0.517118	 -4.30926 	 0.472384	 -4.13816 	 0.453628
-470.000 	 -4.79642 	 0.520663	 -4.41111 	 0.478837	 -4.1841 	 0.454195
-468.000 	 -4.99134 	 0.535814	 -4.66815 	 0.50112	 -4.29518 	 0.461082
-466.000 	 -5.01257 	 0.540424	 -4.69667 	 0.506365	 -4.30709 	 0.464364
-464.000 	 -5.15792 	 0.552794	 -4.89481 	 0.524596	 -4.38775 	 0.470252
-462.000 	 -5.17373 	 0.555366	 -4.91667 	 0.527772	 -4.39642 	 0.471927
-460.000 	 -5.0834 	 0.549103	 -4.79259 	 0.517691	 -4.3466 	 0.469515
-458.000 	 -4.92635 	 0.534161	 -4.58148 	 0.496768	 -4.25848 	 0.461744
-456.000 	 -4.64217 	 0.50906	 -4.2137 	 0.462074	 -4.09402 	 0.448949
-454.000 	 -4.78011 	 0.519193	 -4.39 	 0.476821	 -4.17467 	 0.453433
-452.000 	 -5.07442 	 0.544187	 -4.78037 	 0.512653	 -4.34161 	 0.4656
-450.000 	 -5.28917 	 0.562988	 -5.07815 	 0.540527	 -4.4592 	 0.474645
-448.000 	 -5.09073 	 0.547176	 -4.80259 	 0.516205	 -4.35066 	 0.46763
-446.000 	 -5.39123 	 0.574399	 -5.2237 	 0.556551	 -4.51389 	 0.480925
-444.000 	 -5.7604 	 0.610172	 -5.77333 	 0.611542	 -4.70556 	 0.498438
-442.000 	 -5.56848 	 0.597923	 -5.48296 	 0.58874	 -4.6071 	 0.494693
-440.000 	 -5.16784 	 0.559818	 -4.90852 	 0.531727	 -4.39319 	 0.475902
-438.000 	 -5.25684 	 0.563001	 -5.03259 	 0.538985	 -4.44172 	 0.475703
-436.000 	 -5.71354 	 0.607479	 -5.70148 	 0.606197	 -4.68175 	 0.497776
-434.000 	 -5.8699 	 0.626483	 -5.9437 	 0.63436	 -4.76063 	 0.508093
-432.000 	 -5.5252 	 0.592969	 -5.41889 	 0.58156	 -4.58454 	 0.492017
-430.000 	 -4.76233 	 0.526008	 -4.36704 	 0.482348	 -4.16436 	 0.459962
-428.000 	 -3.86483 	 0.453001	 -3.29222 	 0.385885	 -3.60817 	 0.422917
-426.000 	 -3.14149 	 0.363889	 -2.53111 	 0.293186	 -3.10198 	 0.359312
-424.000 	 -3.88012 	 0.440973	 -3.30926 	 0.376094	 -3.61827 	 0.411214
-422.000 	 -3.29635 	 0.343103	 -2.68704 	 0.279682	 -3.2152 	 0.334657
-420.000 	 -2.90092 	 0.318602	 -2.29593 	 0.252156	 -2.92044 	 0.320746
-418.000 	 -2.22949 	 0.26066	 -1.68148 	 0.19659	 -2.37405 	 0.277561
-416.000 	 -1.32966 	 0.194153	 -0.943333 	 0.137742	 -1.53458 	 0.224075
-414.000 	 -0.790376 	 0.141454	 -0.541481 	 0.0969093	 -0.960446 	 0.171892
-412.000 	 -0.287333 	 0.0866398	 -0.190741 	 0.0575142	 -0.367286 	 0.110748
-410.000 	 0.388229 	 0.0933122	 0.247407 	 0.0594652	 0.533448 	 0.128216
-408.000 	 0.603909 	 0.126323	 0.38 	 0.0794865	 0.850143 	 0.177829
-406.000 	 0.486353 	 0.148209	 0.308148 	 0.0939037	 0.675629 	 0.205888
-404.000 	 0.464116 	 0.145936	 0.294444 	 0.0925846	 0.643134 	 0.202226
-402.000 	 -0.164153 	 0.130337	 -0.108148 	 0.0858689	 -0.212532 	 0.168749
-400.000 	 -1.65147 	 0.202695	 -1.19704 	 0.14692	 -1.8505 	 0.227124
-398.000 	 -2.83621 	 0.3063	 -2.23407 	 0.241272	 -2.87039 	 0.309992
-396.000 	 -3.82375 	 0.401807	 -3.24667 	 0.341167	 -3.5809 	 0.376288
-394.000 	 -4.35015 	 0.450436	 -3.8537 	 0.399032	 -3.91794 	 0.405683
-392.000 	 -4.51503 	 0.470107	 -4.05481 	 0.422189	 -4.01827 	 0.418383
-390.000 	 -4.14034 	 0.446898	 -3.60556 	 0.389175	 -3.78675 	 0.408732
-388.000 	 -4.0647 	 0.442209	 -3.51815 	 0.382749	 -3.73844 	 0.406715
-386.000 	 -4.41415 	 0.475255	 -3.93111 	 0.423248	 -3.95717 	 0.426053
-384.000 	 -4.53835 	 0.492864	 -4.0837 	 0.443489	 -4.03227 	 0.437903
-382.000 	 -4.49583 	 0.493469	 -4.03111 	 0.44246	 -4.00671 	 0.439782
-380.000 	 -4.54074 	 0.497589	 -4.08667 	 0.44783	 -4.0337 	 0.442025
-378.000 	 -4.63278 	 0.506936	 -4.20185 	 0.459783	 -4.08847 	 0.447376
-376.000 	 -4.65037 	 0.508669	 -4.22407 	 0.462039	 -4.09886 	 0.448343
-374.000 	 -4.89807 	 0.530669	 -4.54407 	 0.492316	 -4.2424 	 0.459633
-372.000 	 -4.94225 	 0.534604	 -4.60259 	 0.497864	 -4.26749 	 0.461615
-370.000 	 -4.90143 	 0.533602	 -4.54852 	 0.495181	 -4.24432 	 0.462064
-368.000 	 -4.76635 	 0.525487	 -4.37222 	 0.482034	 -4.16669 	 0.459375
-366.000 	 -4.76778 	 0.526031	 -4.37407 	 0.482593	 -4.16753 	 0.459805
-364.000 	 -4.88795 	 0.533898	 -4.53074 	 0.49488	 -4.23664 	 0.462757
-362.000 	 -5.00651 	 0.542759	 -4.68852 	 0.508286	 -4.3037 	 0.466567
-360.000 	 -4.98415 	 0.542095	 -4.65852 	 0.506678	 -4.29114 	 0.46672
-358.000 	 -4.85128 	 0.531634	 -4.48259 	 0.491231	 -4.21567 	 0.46198
-356.000 	 -4.7072 	 0.519139	 -4.2963 	 0.473822	 -4.13224 	 0.455729
-354.000 	 -4.48982 	 0.49821	 -4.0237 	 0.446488	 -4.00308 	 0.444199
-352.000 	 -4.86033 	 0.531496	 -4.49444 	 0.491485	 -4.22086 	 0.461567
-350.000 	 -4.94336 	 0.545327	 -4.60407 	 0.507899	 -4.26812 	 0.470838
-348.000 	 -4.8719 	 0.537255	 -4.50963 	 0.497305	 -4.22748 	 0.46619
-346.000 	 -5.12321 	 0.555878	 -4.84704 	 0.525912	 -4.36863 	 0.474005
-344.000 	 -5.58142 	 0.596546	 -5.50222 	 0.588081	 -4.61382 	 0.493128
-342.000 	 -5.23756 	 0.570333	 -5.00556 	 0.545069	 -4.43126 	 0.482532
-340.000 	 -3.84148 	 0.452271	 -3.2663 	 0.384553	 -3.59269 	 0.42298
-338.000 	 -3.07717 	 0.353118	 -2.46741 	 0.283145	 -3.05413 	 0.350474
-336.000 	 -2.93555 	 0.330222	 -2.32926 	 0.26202	 -2.94701 	 0.331511
-334.000 	 -1.91035 	 0.222063	 -1.40926 	 0.163815	 -2.0916 	 0.243132
-332.000 	 -0.451756 	 0.106684	 -0.302963 	 0.071546	 -0.567826 	 0.134095
-330.000 	 -0.423236 	 0.113318	 -0.283333 	 0.0758602	 -0.533523 	 0.142846
-328.000 	 -0.163596 	 0.120858	 -0.107778 	 0.0796217	 -0.211824 	 0.156486
-326.000 	 -0.351765 	 0.122152	 -0.234444 	 0.0814117	 -0.446676 	 0.15511
-324.000 	 -1.59145 	 0.193487	 -1.14889 	 0.139681	 -1.79298 	 0.21799
-322.000 	 -2.72513 	 0.289962	 -2.12926 	 0.22656	 -2.78323 	 0.296144
-320.000 	 -3.51129 	 0.366824	 -2.90963 	 0.303969	 -3.36785 	 0.351839
-318.000 	 -3.81704 	 0.402693	 -3.23926 	 0.341738	 -3.57643 	 0.377309
-316.000 	 -3.68725 	 0.397784	 -3.09741 	 0.334151	 -3.48908 	 0.376405
-314.000 	 -3.45298 	 0.378908	 -2.84852 	 0.312578	 -3.32694 	 0.365077
-312.000 	 -3.6101 	 0.394123	 -3.01444 	 0.329094	 -3.43633 	 0.375151
-310.000 	 -4.01386 	 0.42985	 -3.46 	 0.370536	 -3.70568 	 0.396846
-308.000 	 -4.48621 	 0.470935	 -4.01926 	 0.421917	 -4.0009 	 0.41999
-306.000 	 -4.67929 	 0.490184	 -4.26074 	 0.446339	 -4.11588 	 0.431164
-304.000 	 -4.50874 	 0.486287	 -4.04704 	 0.43649	 -4.01448 	 0.432979
-302.000 	 -4.21632 	 0.468184	 -3.69444 	 0.410234	 -3.83473 	 0.425811
-300.000 	 -4.51114 	 0.493411	 -4.05 	 0.442973	 -4.01593 	 0.439246
-298.000 	 -4.86795 	 0.524001	 -4.50444 	 0.484872	 -4.22522 	 0.454815
-296.000 	 -4.98305 	 0.533946	 -4.65704 	 0.499013	 -4.29051 	 0.459739
-294.000 	 -4.66646 	 0.506477	 -4.24444 	 0.460674	 -4.10833 	 0.445901
-292.000 	 -4.1132 	 0.457605	 -3.57407 	 0.397626	 -3.76948 	 0.419365
-290.000 	 -3.67354 	 0.404938	 -3.08259 	 0.339797	 -3.47975 	 0.383576
-288.000 	 -2.93094 	 0.346297	 -2.32481 	 0.274682	 -2.94348 	 0.347779
-286.000 	 -2.87077 	 0.317167	 -2.26704 	 0.250465	 -2.89719 	 0.320086
-284.000 	 -3.32899 	 0.357658	 -2.72037 	 0.29227	 -3.23871 	 0.347959
-282.000 	 -4.18193 	 0.437408	 -3.65407 	 0.382197	 -3.81307 	 0.398828
-280.000 	 -4.86287 	 0.501488	 -4.49778 	 0.463837	 -4.22231 	 0.435429
-278.000 	 -5.11673 	 0.532773	 -4.83815 	 0.503766	 -4.36505 	 0.454506
-276.000 	 -5.06461 	 0.532866	 -4.76704 	 0.501557	 -4.33616 	 0.456223
-274.000 	 -5.01037 	 0.532151	 -4.6937 	 0.498518	 -4.30586 	 0.457325
-272.000 	 -5.12402 	 0.54338	 -4.84815 	 0.514125	 -4.36908 	 0.463322
-270.000 	 -4.97253 	 0.535052	 -4.64296 	 0.499591	 -4.28459 	 0.461029
-268.000 	 -4.81638 	 0.524176	 -4.43704 	 0.482892	 -4.19562 	 0.456617
-266.000 	 -4.61219 	 0.499765	 -4.17593 	 0.452493	 -4.07628 	 0.441695
-264.000 	 -4.65944 	 0.504304	 -4.23556 	 0.458426	 -4.10421 	 0.444209
-262.000 	 -4.62955 	 0.503721	 -4.19778 	 0.456742	 -4.08656 	 0.444641
-260.000 	 -4.73237 	 0.51441	 -4.32852 	 0.470511	 -4.14694 	 0.450773
-258.000 	 -4.60098 	 0.505437	 -4.16185 	 0.457197	 -4.06963 	 0.447066
-256.000 	 -4.42632 	 0.489661	 -3.94593 	 0.436518	 -3.96459 	 0.438582
-254.000 	 -4.68541 	 0.511628	 -4.26852 	 0.466106	 -4.11947 	 0.44983
-252.000 	 -4.9428 	 0.533597	 -4.60333 	 0.49695	 -4.2678 	 0.460727
-250.000 	 -4.45331 	 0.485176	 -3.97889 	 0.433489	 -3.98099 	 0.433718
-248.000 	 -3.96327 	 0.452257	 -3.40259 	 0.388277	 -3.67282 	 0.419113
-246.000 	 -3.58789 	 0.414915	 -2.99074 	 0.345859	 -3.42102 	 0.395618
-244.000 	 -2.95049 	 0.343442	 -2.3437 	 0.272811	 -2.95843 	 0.344366
-242.000 	 -2.38284 	 0.268338	 -1.81667 	 0.204579	 -2.50433 	 0.282019
-240.000 	 -1.38847 	 0.172396	 -0.988889 	 0.122783	 -1.59372 	 0.19788
-238.000 	 -2.00079 	 0.220659	 -1.48519 	 0.163796	 -2.17325 	 0.239679
-236.000 	 -3.24305 	 0.338746	 -2.63296 	 0.275021	 -3.17655 	 0.3318
-234.000 	 -4.52162 	 0.457066	 -4.06296 	 0.410703	 -4.02223 	 0.406585
-232.000 	 -5.23915 	 0.532172	 -5.00778 	 0.50867	 -4.43212 	 0.450198
-230.000 	 -5.06298 	 0.521963	 -4.76481 	 0.491225	 -4.33525 	 0.446939
-228.000 	 -4.75888 	 0.499178	 -4.36259 	 0.45761	 -4.16236 	 0.436607
-226.000 	 -4.93137 	 0.51907	 -4.58815 	 0.482943	 -4.26133 	 0.448542
-224.000 	 -5.21185 	 0.54825	 -4.96963 	 0.52277	 -4.41726 	 0.464665
-222.000 	 -4.3443 	 0.475728	 -3.84667 	 0.421234	 -3.91434 	 0.428644
-220.000 	 -2.92402 	 0.346763	 -2.31815 	 0.274912	 -2.93818 	 0.348442
-218.000 	 -1.85599 	 0.2134	 -1.36407 	 0.15684	 -2.04189 	 0.234775
-216.000 	 -1.7913 	 0.206886	 -1.31074 	 0.151384	 -1.98211 	 0.228924
-214.000 	 -2.0732 	 0.236685	 -1.54667 	 0.176574	 -2.23769 	 0.255464
-212.000 	 -2.42965 	 0.265096	 -1.85852 	 0.20278	 -2.54342 	 0.27751
-210.000 	 -2.69499 	 0.287619	 -2.10111 	 0.224238	 -2.75931 	 0.294483
-208.000 	 -3.50425 	 0.359452	 -2.90222 	 0.297698	 -3.36293 	 0.344956
-206.000 	 -3.89572 	 0.399302	 -3.32667 	 0.340976	 -3.62855 	 0.371918
-204.000 	 -3.20704 	 0.339496	 -2.59667 	 0.274882	 -3.15024 	 0.333483
-202.000 	 -2.25154 	 0.257184	 -1.70074 	 0.194269	 -2.39299 	 0.273342
-200.000 	 -2.40567 	 0.279405	 -1.83704 	 0.213362	 -2.52343 	 0.293083
-198.000 	 -3.26939 	 0.398254	 -2.65963 	 0.323977	 -3.19569 	 0.389276
-196.000 	 -3.95671 	 0.461868	 -3.39519 	 0.396321	 -3.66854 	 0.42823
-194.000 	 -3.86683 	 0.473971	 -3.29444 	 0.403813	 -3.60949 	 0.442428
-192.000 	 -4.55593 	 0.503056	 -4.10556 	 0.453327	 -4.04279 	 0.446396
-190.000 	 -5.49119 	 0.580804	 -5.36889 	 0.567869	 -4.56673 	 0.483024
-188.000 	 -5.90887 	 0.627677	 -6.00519 	 0.637908	 -4.78004 	 0.507766
-186.000 	 -5.60226 	 0.603577	 -5.53333 	 0.596151	 -4.62461 	 0.498247
-184.000 	 -5.13777 	 0.566514	 -4.86704 	 0.536663	 -4.37666 	 0.482591
-182.000 	 -4.78269 	 0.53808	 -4.39333 	 0.494275	 -4.17616 	 0.469842
-180.000 	 -4.68541 	 0.524437	 -4.26852 	 0.477774	 -4.11947 	 0.461091
-178.000 	 -4.52072 	 0.519923	 -4.06185 	 0.467148	 -4.02169 	 0.462529
-176.000 	 -4.29728 	 0.48145	 -3.79037 	 0.424658	 -3.88526 	 0.435289
-174.000 	 -4.38208 	 0.473	 -3.89222 	 0.420125	 -3.93756 	 0.425018
-172.000 	 -4.79756 	 0.522979	 -4.41259 	 0.481014	 -4.18476 	 0.456179
-170.000 	 -5.01779 	 0.545642	 -4.7037 	 0.511488	 -4.31002 	 0.468678
-168.000 	 -4.66938 	 0.527059	 -4.24815 	 0.479513	 -4.11005 	 0.463925
-166.000 	 -4.96199 	 0.555944	 -4.62889 	 0.518623	 -4.27864 	 0.479382
-164.000 	 -5.35068 	 0.592037	 -5.16556 	 0.571553	 -4.49225 	 0.497054
-162.000 	 -5.31192 	 0.589249	 -5.11037 	 0.566891	 -4.47146 	 0.496017
-160.000 	 -5.06679 	 0.56667	 -4.77 	 0.533476	 -4.33737 	 0.485091
-158.000 	 -5.15577 	 0.567092	 -4.89185 	 0.538063	 -4.38657 	 0.482485
-156.000 	 -4.80469 	 0.534782	 -4.42185 	 0.49217	 -4.18888 	 0.46624
-154.000 	 -4.61631 	 0.51111	 -4.18111 	 0.462926	 -4.07872 	 0.451589
-152.000 	 -4.83513 	 0.534998	 -4.46148 	 0.493654	 -4.20641 	 0.46543
-150.000 	 -5.09507 	 0.554883	 -4.80852 	 0.523676	 -4.35307 	 0.474075
-148.000 	 -5.18388 	 0.554985	 -4.93074 	 0.527884	 -4.40198 	 0.471275
-146.000 	 -5.10618 	 0.547306	 -4.8237 	 0.517029	 -4.35922 	 0.467243
-144.000 	 -5.04823 	 0.54372	 -4.74481 	 0.51104	 -4.32703 	 0.466043
-142.000 	 -5.24998 	 0.561234	 -5.02296 	 0.536965	 -4.438 	 0.474431
-140.000 	 -5.3613 	 0.574831	 -5.18074 	 0.555472	 -4.49793 	 0.482262
-138.000 	 -5.29336 	 0.570964	 -5.08407 	 0.54839	 -4.46146 	 0.481232
-136.000 	 -4.93834 	 0.537671	 -4.59741 	 0.500551	 -4.26528 	 0.464389
-134.000 	 -3.80394 	 0.426009	 -3.22481 	 0.361152	 -3.5677 	 0.399552
-132.000 	 -2.58441 	 0.314294	 -1.99889 	 0.243088	 -2.6705 	 0.324764
-130.000 	 -3.31668 	 0.346034	 -2.70778 	 0.282506	 -3.22986 	 0.336976
-128.000 	 -1.27958 	 0.175385	 -0.904815 	 0.124018	 -1.48371 	 0.203364
-126.000 	 -0.109426 	 0.104641	 -0.0718519 	 0.0687101	 -0.142491 	 0.13626
-124.000 	 0.831433 	 0.141034	 0.516296 	 0.0875778	 1.2015 	 0.203808
-122.000 	 -0.343058 	 0.13133	 -0.228519 	 0.0874818	 -0.43601 	 0.166914
-120.000 	 -1.13915 	 0.159427	 -0.798148 	 0.111703	 -1.33847 	 0.187322
-118.000 	 -2.33279 	 0.254658	 -1.77222 	 0.193464	 -2.46218 	 0.268783
-116.000 	 -3.58023 	 0.371915	 -2.98259 	 0.309832	 -3.41574 	 0.354827
-114.000 	 -4.4412 	 0.454478	 -3.96407 	 0.405653	 -3.97364 	 0.406631
-112.000 	 -4.75744 	 0.494461	 -4.36074 	 0.45323	 -4.16152 	 0.432525
-110.000 	 -4.80698 	 0.507309	 -4.42481 	 0.466978	 -4.1902 	 0.442217
-108.000 	 -4.35384 	 0.468277	 -3.85815 	 0.414963	 -3.92021 	 0.421638
-106.000 	 -3.67766 	 0.410437	 -3.08704 	 0.344522	 -3.48255 	 0.388663
-104.000 	 -3.19782 	 0.36635	 -2.58741 	 0.296419	 -3.14349 	 0.360125
-102.000 	 -3.06928 	 0.358065	 -2.45963 	 0.286943	 -3.04822 	 0.355609
-100.000 	 -2.93247 	 0.34286	 -2.3263 	 0.271987	 -2.94466 	 0.344284
-98.000 	 -2.68226 	 0.329781	 -2.08926 	 0.256873	 -2.74917 	 0.338008
-96.000 	 -2.77755 	 0.337363	 -2.17852 	 0.264604	 -2.82457 	 0.343073
-94.000 	 -3.25038 	 0.371486	 -2.64037 	 0.301768	 -3.18188 	 0.363657
-92.000 	 -4.10167 	 0.441359	 -3.56074 	 0.383152	 -3.76212 	 0.404822
-90.000 	 -4.52371 	 0.479252	 -4.06556 	 0.430714	 -4.02348 	 0.426257
-88.000 	 -4.50274 	 0.478963	 -4.03963 	 0.429701	 -4.01087 	 0.426642
-86.000 	 -3.70707 	 0.412697	 -3.11889 	 0.347216	 -3.50253 	 0.389926
-84.000 	 -2.73343 	 0.333278	 -2.13704 	 0.260562	 -2.7898 	 0.340151
-82.000 	 -2.76812 	 0.309613	 -2.16963 	 0.242671	 -2.81716 	 0.315097
-80.000 	 -3.73398 	 0.396192	 -3.14815 	 0.334033	 -3.52073 	 0.373565
-78.000 	 -4.12822 	 0.438314	 -3.59148 	 0.381326	 -3.77904 	 0.40124
-76.000 	 -3.93831 	 0.420511	 -3.37444 	 0.360305	 -3.65651 	 0.390423
-74.000 	 -4.23831 	 0.450513	 -3.72037 	 0.395458	 -3.84851 	 0.409079
-72.000 	 -4.78011 	 0.505145	 -4.39 	 0.463919	 -4.17467 	 0.441164
-70.000 	 -5.18922 	 0.548369	 -4.93815 	 0.521837	 -4.4049 	 0.465487
-68.000 	 -5.32157 	 0.563655	 -5.12407 	 0.542736	 -4.47665 	 0.474161
-66.000 	 -5.14073 	 0.550456	 -4.87111 	 0.521587	 -4.37829 	 0.468816
-64.000 	 -5.10402 	 0.5474	 -4.82074 	 0.517019	 -4.35802 	 0.467393
-62.000 	 -5.07524 	 0.546416	 -4.78148 	 0.514789	 -4.34207 	 0.46748
-60.000 	 -4.94197 	 0.535342	 -4.60222 	 0.498538	 -4.26733 	 0.462261
-58.000 	 -4.42997 	 0.481214	 -3.95037 	 0.429117	 -3.96681 	 0.430903
-56.000 	 -4.27738 	 0.473166	 -3.76667 	 0.416671	 -3.87289 	 0.428421
-54.000 	 -4.24395 	 0.464896	 -3.72704 	 0.408272	 -3.85204 	 0.421965
-52.000 	 -4.20089 	 0.460894	 -3.6763 	 0.40334	 -3.82502 	 0.419657
-50.000 	 -4.41537 	 0.483704	 -3.93259 	 0.430816	 -3.95791 	 0.43359
-48.000 	 -4.48892 	 0.494869	 -4.02259 	 0.44346	 -4.00254 	 0.441249
-46.000 	 -4.50394 	 0.499909	 -4.04111 	 0.448538	 -4.01159 	 0.445262
-44.000 	 -4.672 	 0.514084	 -4.25148 	 0.467812	 -4.1116 	 0.45242
-42.000 	 -5.05315 	 0.546739	 -4.75148 	 0.514099	 -4.32977 	 0.468471
-40.000 	 -4.85185 	 0.525405	 -4.48333 	 0.485499	 -4.216 	 0.456549
-38.000 	 -4.54372 	 0.499109	 -4.09037 	 0.44931	 -4.03548 	 0.443281
-36.000 	 -4.63278 	 0.506111	 -4.20185 	 0.459034	 -4.08847 	 0.446648
-34.000 	 -4.94614 	 0.534787	 -4.60778 	 0.498202	 -4.26969 	 0.461648
-32.000 	 -5.07388 	 0.544069	 -4.77963 	 0.512517	 -4.34131 	 0.465516
-30.000 	 -5.20334 	 0.5537	 -4.95778 	 0.527569	 -4.41262 	 0.469557
-28.000 	 -5.27762 	 0.564467	 -5.06185 	 0.541389	 -4.45297 	 0.476266
-26.000 	 -5.37267 	 0.575746	 -5.19704 	 0.556926	 -4.504 	 0.482658
-24.000 	 -5.44857 	 0.583281	 -5.30667 	 0.56809	 -4.54429 	 0.486475
-22.000 	 -5.69069 	 0.606759	 -5.66667 	 0.604198	 -4.67009 	 0.49794
-20.000 	 -5.7363 	 0.615103	 -5.7363 	 0.615103	 -4.69333 	 0.503266
-18.000 	 -5.27579 	 0.573923	 -5.05926 	 0.550369	 -4.45197 	 0.484305
-16.000 	 -3.83914 	 0.449584	 -3.2637 	 0.382197	 -3.59114 	 0.420541
-14.000 	 -2.77402 	 0.329382	 -2.17519 	 0.258278	 -2.82179 	 0.335055
-12.000 	 -3.04478 	 0.322109	 -2.43556 	 0.257658	 -3.02985 	 0.320528
-10.000 	 -1.60349 	 0.191296	 -1.15852 	 0.138211	 -1.80457 	 0.215286
-8.000 	 -1.0759 	 0.13528	 -0.750741 	 0.0943954	 -1.27179 	 0.15991
-6.000 	 -0.862617 	 0.123408	 -0.593704 	 0.0849369	 -1.04085 	 0.148908
-4.000 	 -0.272518 	 0.100111	 -0.180741 	 0.0663963	 -0.348882 	 0.128164
-2.000 	 0.701477 	 0.133561	 0.438889 	 0.0835645	 0.998566 	 0.190127
0.000 	 -0.203021 	 0.126702	 -0.134074 	 0.0836737	 -0.261791 	 0.16338
